2026-03-01 22:45:19: Traceback (most recent call last):
2026-03-01 22:45:19:   File "/home/ubuntu/.openclaw/workspace/silhouette-brain/src/api/enhanced_memory_api.py", line 340, in <module>
2026-03-01 22:45:19:     run_api()
2026-03-01 22:45:19:   File "/home/ubuntu/.openclaw/workspace/silhouette-brain/src/api/enhanced_memory_api.py", line 327, in run_api
2026-03-01 22:45:19:     server = ReuseAddressServer(('0.0.0.0', port), MemoryAPIHandler)
2026-03-01 22:45:19:              ^^^^^^^^^^^^^^^^^^^^^^^^^^^^^^^^^^^^^^^^^^^^^^^^^^^^^^^
2026-03-01 22:45:19:   File "/usr/lib/python3.12/socketserver.py", line 457, in __init__
2026-03-01 22:45:19:     self.server_bind()
2026-03-01 22:45:19:   File "/usr/lib/python3.12/http/server.py", line 136, in server_bind
2026-03-01 22:45:19:     socketserver.TCPServer.server_bind(self)
2026-03-01 22:45:19:   File "/usr/lib/python3.12/socketserver.py", line 473, in server_bind
2026-03-01 22:45:19:     self.socket.bind(self.server_address)
2026-03-01 22:45:19: OSError: [Errno 98] Address already in use
2026-03-01 22:45:22: Traceback (most recent call last):
2026-03-01 22:45:22:   File "/home/ubuntu/.openclaw/workspace/silhouette-brain/src/api/enhanced_memory_api.py", line 340, in <module>
2026-03-01 22:45:22:     run_api()
2026-03-01 22:45:22:   File "/home/ubuntu/.openclaw/workspace/silhouette-brain/src/api/enhanced_memory_api.py", line 327, in run_api
2026-03-01 22:45:22: server = ReuseAddressServer(('0.0.0.0', port), MemoryAPIHandler)
2026-03-01 22:45:22:              ^^^^^^^^^^^^^^^^^^^^^^^^^^^^^^^^^^^^^^^^^^^^^^^^^^^^^^^
2026-03-01 22:45:22:   File "/usr/lib/python3.12/socketserver.py", line 457, in __init__
2026-03-01 22:45:22:     self.server_bind()
2026-03-01 22:45:22:   File "/usr/lib/python3.12/http/server.py", line 136, in server_bind
2026-03-01 22:45:22:     socketserver.TCPServer.server_bind(self)
2026-03-01 22:45:22:   File "/usr/lib/python3.12/socketserver.py", line 473, in server_bind
2026-03-01 22:45:22:     self.socket.bind(self.server_address)
2026-03-01 22:45:22: OSError: [Errno 98] Address already in use
2026-03-01 22:45:24: Traceback (most recent call last):
2026-03-01 22:45:24:   File "/home/ubuntu/.openclaw/workspace/silhouette-brain/src/api/enhanced_memory_api.py", line 340, in <module>
2026-03-01 22:45:24:     run_api()
2026-03-01 22:45:24:   File "/home/ubuntu/.openclaw/workspace/silhouette-brain/src/api/enhanced_memory_api.py", line 327, in run_api
2026-03-01 22:45:24:     server = ReuseAddressServer(('0.0.0.0', port), MemoryAPIHandler)
2026-03-01 22:45:24:              ^^^^^^^^^^^^^^^^^^^^^^^^^^^^^^^^^^^^^^^^^^^^^^^^^^^^^^^
2026-03-01 22:45:24:   File "/usr/lib/python3.12/socketserver.py", line 457, in __init__
2026-03-01 22:45:24:     self.server_bind()
2026-03-01 22:45:24:   File "/usr/lib/python3.12/http/server.py", line 136, in server_bind
2026-03-01 22:45:24:     socketserver.TCPServer.server_bind(self)
2026-03-01 22:45:24:   File "/usr/lib/python3.12/socketserver.py", line 473, in server_bind
2026-03-01 22:45:24:     self.socket.bind(self.server_address)
2026-03-01 22:45:24: OSError: [Errno 98] Address already in use
2026-03-01 22:45:26: Traceback (most recent call last):
2026-03-01 22:45:26:   File "/home/ubuntu/.openclaw/workspace/silhouette-brain/src/api/enhanced_memory_api.py", line 340, in <module>
2026-03-01 22:45:26:     run_api()
2026-03-01 22:45:26:   File "/home/ubuntu/.openclaw/workspace/silhouette-brain/src/api/enhanced_memory_api.py", line 327, in run_api
2026-03-01 22:45:26:     server = ReuseAddressServer(('0.0.0.0', port), MemoryAPIHandler)
2026-03-01 22:45:26:              ^^^^^^^^^^^^^^^^^^^^^^^^^^^^^^^^^^^^^^^^^^^^^^^^^^^^^^^
2026-03-01 22:45:26:   File "/usr/lib/python3.12/socketserver.py", line 457, in __init__
2026-03-01 22:45:26:     self.server_bind()
2026-03-01 22:45:26:   File "/usr/lib/python3.12/http/server.py", line 136, in server_bind
2026-03-01 22:45:26:     socketserver.TCPServer.server_bind(self)
2026-03-01 22:45:26:   File "/usr/lib/python3.12/socketserver.py", line 473, in server_bind
2026-03-01 22:45:26:     self.socket.bind(self.server_address)
2026-03-01 22:45:26: OSError: [Errno 98] Address already in use
2026-03-01 22:45:28: Traceback (most recent call last):
2026-03-01 22:45:28:   File "/home/ubuntu/.openclaw/workspace/silhouette-brain/src/api/enhanced_memory_api.py", line 340, in <module>
2026-03-01 22:45:28:     run_api()
2026-03-01 22:45:28:   File "/home/ubuntu/.openclaw/workspace/silhouette-brain/src/api/enhanced_memory_api.py", line 327, in run_api
2026-03-01 22:45:28:     server = ReuseAddressServer(('0.0.0.0', port), MemoryAPIHandler)
2026-03-01 22:45:28:              ^^^^^^^^^^^^^^^^^^^^^^^^^^^^^^^^^^^^^^^^^^^^^^^^^^^^^^^
2026-03-01 22:45:28:   File "/usr/lib/python3.12/socketserver.py", line 457, in __init__
2026-03-01 22:45:28:     self.server_bind()
2026-03-01 22:45:28:   File "/usr/lib/python3.12/http/server.py", line 136, in server_bind
2026-03-01 22:45:28:     socketserver.TCPServer.server_bind(self)
2026-03-01 22:45:28:   File "/usr/lib/python3.12/socketserver.py", line 473, in server_bind
2026-03-01 22:45:28:     self.socket.bind(self.server_address)
2026-03-01 22:45:28: OSError: [Errno 98] Address already in use
2026-03-01 22:45:30: Traceback (most recent call last):
2026-03-01 22:45:30:   File "/home/ubuntu/.openclaw/workspace/silhouette-brain/src/api/enhanced_memory_api.py", line 340, in <module>
2026-03-01 22:45:30:     run_api()
2026-03-01 22:45:30:   File "/home/ubuntu/.openclaw/workspace/silhouette-brain/src/api/enhanced_memory_api.py", line 327, in run_api
2026-03-01 22:45:30:     server = ReuseAddressServer(('0.0.0.0', port), MemoryAPIHandler)
2026-03-01 22:45:30:              ^^^^^^^^^^^^^^^^^^^^^^^^^^^^^^^^^^^^^^^^^^^^^^^^^^^^^^^
2026-03-01 22:45:30:   File "/usr/lib/python3.12/socketserver.py", line 457, in __init__
2026-03-01 22:45:30:     self.server_bind()
2026-03-01 22:45:30:   File "/usr/lib/python3.12/http/server.py", line 136, in server_bind
2026-03-01 22:45:30:     socketserver.TCPServer.server_bind(self)
2026-03-01 22:45:30:   File "/usr/lib/python3.12/socketserver.py", line 473, in server_bind
2026-03-01 22:45:30:     self.socket.bind(self.server_address)
2026-03-01 22:45:30: OSError: [Errno 98] Address already in use
2026-03-01 22:45:32: Traceback (most recent call last):
2026-03-01 22:45:32:   File "/home/ubuntu/.openclaw/workspace/silhouette-brain/src/api/enhanced_memory_api.py", line 340, in <module>
2026-03-01 22:45:32:     run_api()
2026-03-01 22:45:32:   File "/home/ubuntu/.openclaw/workspace/silhouette-brain/src/api/enhanced_memory_api.py", line 327, in run_api
2026-03-01 22:45:32:     server = ReuseAddressServer(('0.0.0.0', port), MemoryAPIHandler)
2026-03-01 22:45:32:              ^^^^^^^^^^^^^^^^^^^^^^^^^^^^^^^^^^^^^^^^^^^^^^^^^^^^^^^
2026-03-01 22:45:32:   File "/usr/lib/python3.12/socketserver.py", line 457, in __init__
2026-03-01 22:45:32:     self.server_bind()
2026-03-01 22:45:32:   File "/usr/lib/python3.12/http/server.py", line 136, in server_bind
2026-03-01 22:45:32:     socketserver.TCPServer.server_bind(self)
2026-03-01 22:45:32:   File "/usr/lib/python3.12/socketserver.py", line 473, in server_bind
2026-03-01 22:45:32:     self.socket.bind(self.server_address)
2026-03-01 22:45:32: OSError: [Errno 98] Address already in use
2026-03-01 22:45:34: Traceback (most recent call last):
2026-03-01 22:45:34:   File "/home/ubuntu/.openclaw/workspace/silhouette-brain/src/api/enhanced_memory_api.py", line 340, in <module>
2026-03-01 22:45:34:     run_api()
2026-03-01 22:45:34:   File "/home/ubuntu/.openclaw/workspace/silhouette-brain/src/api/enhanced_memory_api.py", line 327, in run_api
2026-03-01 22:45:34:     server = ReuseAddressServer(('0.0.0.0', port), MemoryAPIHandler)
2026-03-01 22:45:34:              ^^^^^^^^^^^^^^^^^^^^^^^^^^^^^^^^^^^^^^^^^^^^^^^^^^^^^^^
2026-03-01 22:45:34:   File "/usr/lib/python3.12/socketserver.py", line 457, in __init__
2026-03-01 22:45:34:     self.server_bind()
2026-03-01 22:45:34:   File "/usr/lib/python3.12/http/server.py", line 136, in server_bind
2026-03-01 22:45:34:     socketserver.TCPServer.server_bind(self)
2026-03-01 22:45:34:   File "/usr/lib/python3.12/socketserver.py", line 473, in server_bind
2026-03-01 22:45:34:     self.socket.bind(self.server_address)
2026-03-01 22:45:34: OSError: [Errno 98] Address already in use
2026-03-01 22:45:36: Traceback (most recent call last):
2026-03-01 22:45:36:   File "/home/ubuntu/.openclaw/workspace/silhouette-brain/src/api/enhanced_memory_api.py", line 340, in <module>
2026-03-01 22:45:36:     run_api()
2026-03-01 22:45:36:   File "/home/ubuntu/.openclaw/workspace/silhouette-brain/src/api/enhanced_memory_api.py", line 327, in run_api
2026-03-01 22:45:36:     server = ReuseAddressServer(('0.0.0.0', port), MemoryAPIHandler)
2026-03-01 22:45:36:              ^^^^^^^^^^^^^^^^^^^^^^^^^^^^^^^^^^^^^^^^^^^^^^^^^^^^^^^
2026-03-01 22:45:36:   File "/usr/lib/python3.12/socketserver.py", line 457, in __init__
2026-03-01 22:45:36:     self.server_bind()
2026-03-01 22:45:36:   File "/usr/lib/python3.12/http/server.py", line 136, in server_bind
2026-03-01 22:45:36:     socketserver.TCPServer.server_bind(self)
2026-03-01 22:45:36:   File "/usr/lib/python3.12/socketserver.py", line 473, in server_bind
2026-03-01 22:45:36:     self.socket.bind(self.server_address)
2026-03-01 22:45:36: OSError: [Errno 98] Address already in use
2026-03-01 22:45:38: Traceback (most recent call last):
2026-03-01 22:45:38:   File "/home/ubuntu/.openclaw/workspace/silhouette-brain/src/api/enhanced_memory_api.py", line 340, in <module>
2026-03-01 22:45:38:     run_api()
2026-03-01 22:45:38:   File "/home/ubuntu/.openclaw/workspace/silhouette-brain/src/api/enhanced_memory_api.py", line 327, in run_api
2026-03-01 22:45:38:     server = ReuseAddressServer(('0.0.0.0', port), MemoryAPIHandler)
2026-03-01 22:45:38:              ^^^^^^^^^^^^^^^^^^^^^^^^^^^^^^^^^^^^^^^^^^^^^^^^^^^^^^^
2026-03-01 22:45:38:   File "/usr/lib/python3.12/socketserver.py", line 457, in __init__
2026-03-01 22:45:38:     self.server_bind()
2026-03-01 22:45:38:   File "/usr/lib/python3.12/http/server.py", line 136, in server_bind
2026-03-01 22:45:38:     socketserver.TCPServer.server_bind(self)
2026-03-01 22:45:38:   File "/usr/lib/python3.12/socketserver.py", line 473, in server_bind
2026-03-01 22:45:38:     self.socket.bind(self.server_address)
2026-03-01 22:45:38: OSError: [Errno 98] Address already in use
2026-03-01 22:45:40: Traceback (most recent call last):
2026-03-01 22:45:40:   File "/home/ubuntu/.openclaw/workspace/silhouette-brain/src/api/enhanced_memory_api.py", line 340, in <module>
2026-03-01 22:45:40:     run_api()
2026-03-01 22:45:40:   File "/home/ubuntu/.openclaw/workspace/silhouette-brain/src/api/enhanced_memory_api.py", line 327, in run_api
2026-03-01 22:45:40:     server = ReuseAddressServer(('0.0.0.0', port), MemoryAPIHandler)
2026-03-01 22:45:40:              ^^^^^^^^^^^^^^^^^^^^^^^^^^^^^^^^^^^^^^^^^^^^^^^^^^^^^^^
2026-03-01 22:45:40:   File "/usr/lib/python3.12/socketserver.py", line 457, in __init__
2026-03-01 22:45:40:     self.server_bind()
2026-03-01 22:45:40:   File "/usr/lib/python3.12/http/server.py", line 136, in server_bind
2026-03-01 22:45:40:     socketserver.TCPServer.server_bind(self)
2026-03-01 22:45:40:   File "/usr/lib/python3.12/socketserver.py", line 473, in server_bind
2026-03-01 22:45:40:     self.socket.bind(self.server_address)
2026-03-01 22:45:40: OSError: [Errno 98] Address already in use
2026-03-01 22:45:43: Traceback (most recent call last):
2026-03-01 22:45:43:   File "/home/ubuntu/.openclaw/workspace/silhouette-brain/src/api/enhanced_memory_api.py", line 340, in <module>
2026-03-01 22:45:43:     run_api()
2026-03-01 22:45:43:   File "/home/ubuntu/.openclaw/workspace/silhouette-brain/src/api/enhanced_memory_api.py", line 327, in run_api
2026-03-01 22:45:43:     server = ReuseAddressServer(('0.0.0.0', port), MemoryAPIHandler)
2026-03-01 22:45:43:              ^^^^^^^^^^^^^^^^^^^^^^^^^^^^^^^^^^^^^^^^^^^^^^^^^^^^^^^
2026-03-01 22:45:43:   File "/usr/lib/python3.12/socketserver.py", line 457, in __init__
2026-03-01 22:45:43:     self.server_bind()
2026-03-01 22:45:43:   File "/usr/lib/python3.12/http/server.py", line 136, in server_bind
2026-03-01 22:45:43:     socketserver.TCPServer.server_bind(self)
2026-03-01 22:45:43:   File "/usr/lib/python3.12/socketserver.py", line 473, in server_bind
2026-03-01 22:45:43:     self.socket.bind(self.server_address)
2026-03-01 22:45:43: OSError: [Errno 98] Address already in use
2026-03-01 22:45:45: Traceback (most recent call last):
2026-03-01 22:45:45:   File "/home/ubuntu/.openclaw/workspace/silhouette-brain/src/api/enhanced_memory_api.py", line 340, in <module>
2026-03-01 22:45:45:     run_api()
2026-03-01 22:45:45:   File "/home/ubuntu/.openclaw/workspace/silhouette-brain/src/api/enhanced_memory_api.py", line 327, in run_api
2026-03-01 22:45:45:     server = ReuseAddressServer(('0.0.0.0', port), MemoryAPIHandler)
2026-03-01 22:45:45:              ^^^^^^^^^^^^^^^^^^^^^^^^^^^^^^^^^^^^^^^^^^^^^^^^^^^^^^^
2026-03-01 22:45:45:   File "/usr/lib/python3.12/socketserver.py", line 457, in __init__
2026-03-01 22:45:45:     self.server_bind()
2026-03-01 22:45:45:   File "/usr/lib/python3.12/http/server.py", line 136, in server_bind
2026-03-01 22:45:45:     socketserver.TCPServer.server_bind(self)
2026-03-01 22:45:45:   File "/usr/lib/python3.12/socketserver.py", line 473, in server_bind
2026-03-01 22:45:45:     self.socket.bind(self.server_address)
2026-03-01 22:45:45: OSError: [Errno 98] Address already in use
2026-03-01 22:45:47: Traceback (most recent call last):
2026-03-01 22:45:47:   File "/home/ubuntu/.openclaw/workspace/silhouette-brain/src/api/enhanced_memory_api.py", line 340, in <module>
2026-03-01 22:45:47:     run_api()
2026-03-01 22:45:47:   File "/home/ubuntu/.openclaw/workspace/silhouette-brain/src/api/enhanced_memory_api.py", line 327, in run_api
2026-03-01 22:45:47:     server = ReuseAddressServer(('0.0.0.0', port), MemoryAPIHandler)
2026-03-01 22:45:47:              ^^^^^^^^^^^^^^^^^^^^^^^^^^^^^^^^^^^^^^^^^^^^^^^^^^^^^^^
2026-03-01 22:45:47:   File "/usr/lib/python3.12/socketserver.py", line 457, in __init__
2026-03-01 22:45:47:     self.server_bind()
2026-03-01 22:45:47:   File "/usr/lib/python3.12/http/server.py", line 136, in server_bind
2026-03-01 22:45:47:     socketserver.TCPServer.server_bind(self)
2026-03-01 22:45:47:   File "/usr/lib/python3.12/socketserver.py", line 473, in server_bind
2026-03-01 22:45:47:     self.socket.bind(self.server_address)
2026-03-01 22:45:47: OSError: [Errno 98] Address already in use
2026-03-01 22:45:49: Traceback (most recent call last):
2026-03-01 22:45:49:   File "/home/ubuntu/.openclaw/workspace/silhouette-brain/src/api/enhanced_memory_api.py", line 340, in <module>
2026-03-01 22:45:49:     run_api()
2026-03-01 22:45:49:   File "/home/ubuntu/.openclaw/workspace/silhouette-brain/src/api/enhanced_memory_api.py", line 327, in run_api
2026-03-01 22:45:49:     server = ReuseAddressServer(('0.0.0.0', port), MemoryAPIHandler)
2026-03-01 22:45:49:              ^^^^^^^^^^^^^^^^^^^^^^^^^^^^^^^^^^^^^^^^^^^^^^^^^^^^^^^
2026-03-01 22:45:49:   File "/usr/lib/python3.12/socketserver.py", line 457, in __init__
2026-03-01 22:45:49:     self.server_bind()
2026-03-01 22:45:49:   File "/usr/lib/python3.12/http/server.py", line 136, in server_bind
2026-03-01 22:45:49:     socketserver.TCPServer.server_bind(self)
2026-03-01 22:45:49:   File "/usr/lib/python3.12/socketserver.py", line 473, in server_bind
2026-03-01 22:45:49:     self.socket.bind(self.server_address)
2026-03-01 22:45:49: OSError: [Errno 98] Address already in use
2026-03-01 22:45:51: Traceback (most recent call last):
2026-03-01 22:45:51:   File "/home/ubuntu/.openclaw/workspace/silhouette-brain/src/api/enhanced_memory_api.py", line 340, in <module>
2026-03-01 22:45:51:     run_api()
2026-03-01 22:45:51:   File "/home/ubuntu/.openclaw/workspace/silhouette-brain/src/api/enhanced_memory_api.py", line 327, in run_api
2026-03-01 22:45:51:     server = ReuseAddressServer(('0.0.0.0', port), MemoryAPIHandler)
2026-03-01 22:45:51:              ^^^^^^^^^^^^^^^^^^^^^^^^^^^^^^^^^^^^^^^^^^^^^^^^^^^^^^^
2026-03-01 22:45:51:   File "/usr/lib/python3.12/socketserver.py", line 457, in __init__
2026-03-01 22:45:51:     self.server_bind()
2026-03-01 22:45:51:   File "/usr/lib/python3.12/http/server.py", line 136, in server_bind
2026-03-01 22:45:51:     socketserver.TCPServer.server_bind(self)
2026-03-01 22:45:51:   File "/usr/lib/python3.12/socketserver.py", line 473, in server_bind
2026-03-01 22:45:51:     self.socket.bind(self.server_address)
2026-03-01 22:45:51: OSError: [Errno 98] Address already in use
2026-03-01 22:45:53: Traceback (most recent call last):
2026-03-01 22:45:53:   File "/home/ubuntu/.openclaw/workspace/silhouette-brain/src/api/enhanced_memory_api.py", line 340, in <module>
2026-03-01 22:45:53:     run_api()
2026-03-01 22:45:53:   File "/home/ubuntu/.openclaw/workspace/silhouette-brain/src/api/enhanced_memory_api.py", line 327, in run_api
2026-03-01 22:45:53:     server = ReuseAddressServer(('0.0.0.0', port), MemoryAPIHandler)
2026-03-01 22:45:53:              ^^^^^^^^^^^^^^^^^^^^^^^^^^^^^^^^^^^^^^^^^^^^^^^^^^^^^^^
2026-03-01 22:45:53:   File "/usr/lib/python3.12/socketserver.py", line 457, in __init__
2026-03-01 22:45:53:     self.server_bind()
2026-03-01 22:45:53:   File "/usr/lib/python3.12/http/server.py", line 136, in server_bind
2026-03-01 22:45:53:     socketserver.TCPServer.server_bind(self)
2026-03-01 22:45:53:   File "/usr/lib/python3.12/socketserver.py", line 473, in server_bind
2026-03-01 22:45:53:     self.socket.bind(self.server_address)
2026-03-01 22:45:53: OSError: [Errno 98] Address already in use
2026-03-01 22:45:55: Traceback (most recent call last):
2026-03-01 22:45:55:   File "/home/ubuntu/.openclaw/workspace/silhouette-brain/src/api/enhanced_memory_api.py", line 340, in <module>
2026-03-01 22:45:55:     run_api()
2026-03-01 22:45:55:   File "/home/ubuntu/.openclaw/workspace/silhouette-brain/src/api/enhanced_memory_api.py", line 327, in run_api
2026-03-01 22:45:55:     server = ReuseAddressServer(('0.0.0.0', port), MemoryAPIHandler)
2026-03-01 22:45:55:              ^^^^^^^^^^^^^^^^^^^^^^^^^^^^^^^^^^^^^^^^^^^^^^^^^^^^^^^
2026-03-01 22:45:55:   File "/usr/lib/python3.12/socketserver.py", line 457, in __init__
2026-03-01 22:45:55:     self.server_bind()
2026-03-01 22:45:55:   File "/usr/lib/python3.12/http/server.py", line 136, in server_bind
2026-03-01 22:45:55:     socketserver.TCPServer.server_bind(self)
2026-03-01 22:45:55:   File "/usr/lib/python3.12/socketserver.py", line 473, in server_bind
2026-03-01 22:45:55:     self.socket.bind(self.server_address)
2026-03-01 22:45:55: OSError: [Errno 98] Address already in use
2026-03-01 22:45:57: Traceback (most recent call last):
2026-03-01 22:45:57:   File "/home/ubuntu/.openclaw/workspace/silhouette-brain/src/api/enhanced_memory_api.py", line 340, in <module>
2026-03-01 22:45:57:     run_api()
2026-03-01 22:45:57:   File "/home/ubuntu/.openclaw/workspace/silhouette-brain/src/api/enhanced_memory_api.py", line 327, in run_api
2026-03-01 22:45:57:     server = ReuseAddressServer(('0.0.0.0', port), MemoryAPIHandler)
2026-03-01 22:45:57:              ^^^^^^^^^^^^^^^^^^^^^^^^^^^^^^^^^^^^^^^^^^^^^^^^^^^^^^^
2026-03-01 22:45:57:   File "/usr/lib/python3.12/socketserver.py", line 457, in __init__
2026-03-01 22:45:57:     self.server_bind()
2026-03-01 22:45:57:   File "/usr/lib/python3.12/http/server.py", line 136, in server_bind
2026-03-01 22:45:57:     socketserver.TCPServer.server_bind(self)
2026-03-01 22:45:57:   File "/usr/lib/python3.12/socketserver.py", line 473, in server_bind
2026-03-01 22:45:57:     self.socket.bind(self.server_address)
2026-03-01 22:45:57: OSError: [Errno 98] Address already in use
2026-03-01 22:45:59: Traceback (most recent call last):
2026-03-01 22:45:59:   File "/home/ubuntu/.openclaw/workspace/silhouette-brain/src/api/enhanced_memory_api.py", line 340, in <module>
2026-03-01 22:45:59:     run_api()
2026-03-01 22:45:59:   File "/home/ubuntu/.openclaw/workspace/silhouette-brain/src/api/enhanced_memory_api.py", line 327, in run_api
2026-03-01 22:45:59:     server = ReuseAddressServer(('0.0.0.0', port), MemoryAPIHandler)
2026-03-01 22:45:59: ^^^^^^^^^^^^^^^^^^^^^^^^^^^^^^^^^^^^^^^^^^^^^^^^^^^^^^
2026-03-01 22:45:59:   File "/usr/lib/python3.12/socketserver.py", line 457, in __init__
2026-03-01 22:45:59:     self.server_bind()
2026-03-01 22:45:59:   File "/usr/lib/python3.12/http/server.py", line 136, in server_bind
2026-03-01 22:45:59:     socketserver.TCPServer.server_bind(self)
2026-03-01 22:45:59:   File "/usr/lib/python3.12/socketserver.py", line 473, in server_bind
2026-03-01 22:45:59:     self.socket.bind(self.server_address)
2026-03-01 22:45:59: OSError: [Errno 98] Address already in use
2026-03-01 22:46:02: Traceback (most recent call last):
2026-03-01 22:46:02:   File "/home/ubuntu/.openclaw/workspace/silhouette-brain/src/api/enhanced_memory_api.py", line 340, in <module>
2026-03-01 22:46:02:     run_api()
2026-03-01 22:46:02:   File "/home/ubuntu/.openclaw/workspace/silhouette-brain/src/api/enhanced_memory_api.py", line 327, in run_api
2026-03-01 22:46:02:     server = ReuseAddressServer(('0.0.0.0', port), MemoryAPIHandler)
2026-03-01 22:46:02:              ^^^^^^^^^^^^^^^^^^^^^^^^^^^^^^^^^^^^^^^^^^^^^^^^^^^^^^^
2026-03-01 22:46:02:   File "/usr/lib/python3.12/socketserver.py", line 457, in __init__
2026-03-01 22:46:02:     self.server_bind()
2026-03-01 22:46:02:   File "/usr/lib/python3.12/http/server.py", line 136, in server_bind
2026-03-01 22:46:02:     socketserver.TCPServer.server_bind(self)
2026-03-01 22:46:02:   File "/usr/lib/python3.12/socketserver.py", line 473, in server_bind
2026-03-01 22:46:02:     self.socket.bind(self.server_address)
2026-03-01 22:46:02: OSError: [Errno 98] Address already in use
2026-03-01 22:46:04: Traceback (most recent call last):
2026-03-01 22:46:04:   File "/home/ubuntu/.openclaw/workspace/silhouette-brain/src/api/enhanced_memory_api.py", line 340, in <module>
2026-03-01 22:46:04:     run_api()
2026-03-01 22:46:04:   File "/home/ubuntu/.openclaw/workspace/silhouette-brain/src/api/enhanced_memory_api.py", line 327, in run_api
2026-03-01 22:46:04:     server = ReuseAddressServer(('0.0.0.0', port), MemoryAPIHandler)
2026-03-01 22:46:04:              ^^^^^^^^^^^^^^^^^^^^^^^^^^^^^^^^^^^^^^^^^^^^^^^^^^^^^^^
2026-03-01 22:46:04:   File "/usr/lib/python3.12/socketserver.py", line 457, in __init__
2026-03-01 22:46:04:     self.server_bind()
2026-03-01 22:46:04:   File "/usr/lib/python3.12/http/server.py", line 136, in server_bind
2026-03-01 22:46:04:     socketserver.TCPServer.server_bind(self)
2026-03-01 22:46:04:   File "/usr/lib/python3.12/socketserver.py", line 473, in server_bind
2026-03-01 22:46:04:     self.socket.bind(self.server_address)
2026-03-01 22:46:04: OSError: [Errno 98] Address already in use
2026-03-01 22:46:06: Traceback (most recent call last):
2026-03-01 22:46:06:   File "/home/ubuntu/.openclaw/workspace/silhouette-brain/src/api/enhanced_memory_api.py", line 340, in <module>
2026-03-01 22:46:06:     run_api()
2026-03-01 22:46:06:   File "/home/ubuntu/.openclaw/workspace/silhouette-brain/src/api/enhanced_memory_api.py", line 327, in run_api
2026-03-01 22:46:06:     server = ReuseAddressServer(('0.0.0.0', port), MemoryAPIHandler)
2026-03-01 22:46:06:              ^^^^^^^^^^^^^^^^^^^^^^^^^^^^^^^^^^^^^^^^^^^^^^^^^^^^^^^
2026-03-01 22:46:06:   File "/usr/lib/python3.12/socketserver.py", line 457, in __init__
2026-03-01 22:46:06:     self.server_bind()
2026-03-01 22:46:06:   File "/usr/lib/python3.12/http/server.py", line 136, in server_bind
2026-03-01 22:46:06:     socketserver.TCPServer.server_bind(self)
2026-03-01 22:46:06:   File "/usr/lib/python3.12/socketserver.py", line 473, in server_bind
2026-03-01 22:46:06:     self.socket.bind(self.server_address)
2026-03-01 22:46:06: OSError: [Errno 98] Address already in use
2026-03-01 22:46:08: Traceback (most recent call last):
2026-03-01 22:46:08:   File "/home/ubuntu/.openclaw/workspace/silhouette-brain/src/api/enhanced_memory_api.py", line 340, in <module>
2026-03-01 22:46:08:     run_api()
2026-03-01 22:46:08:   File "/home/ubuntu/.openclaw/workspace/silhouette-brain/src/api/enhanced_memory_api.py", line 327, in run_api
2026-03-01 22:46:08:     server = ReuseAddressServer(('0.0.0.0', port), MemoryAPIHandler)
2026-03-01 22:46:08:              ^^^^^^^^^^^^^^^^^^^^^^^^^^^^^^^^^^^^^^^^^^^^^^^^^^^^^^^
2026-03-01 22:46:08:   File "/usr/lib/python3.12/socketserver.py", line 457, in __init__
2026-03-01 22:46:08:     self.server_bind()
2026-03-01 22:46:08:   File "/usr/lib/python3.12/http/server.py", line 136, in server_bind
2026-03-01 22:46:08:     socketserver.TCPServer.server_bind(self)
2026-03-01 22:46:08:   File "/usr/lib/python3.12/socketserver.py", line 473, in server_bind
2026-03-01 22:46:08:     self.socket.bind(self.server_address)
2026-03-01 22:46:08: OSError: [Errno 98] Address already in use
2026-03-01 22:46:10: Traceback (most recent call last):
2026-03-01 22:46:10:   File "/home/ubuntu/.openclaw/workspace/silhouette-brain/src/api/enhanced_memory_api.py", line 340, in <module>
2026-03-01 22:46:10:     run_api()
2026-03-01 22:46:10:   File "/home/ubuntu/.openclaw/workspace/silhouette-brain/src/api/enhanced_memory_api.py", line 327, in run_api
2026-03-01 22:46:10:     server = ReuseAddressServer(('0.0.0.0', port), MemoryAPIHandler)
2026-03-01 22:46:10:              ^^^^^^^^^^^^^^^^^^^^^^^^^^^^^^^^^^^^^^^^^^^^^^^^^^^^^^^
2026-03-01 22:46:10:   File "/usr/lib/python3.12/socketserver.py", line 457, in __init__
2026-03-01 22:46:10:     self.server_bind()
2026-03-01 22:46:10:   File "/usr/lib/python3.12/http/server.py", line 136, in server_bind
2026-03-01 22:46:10:     socketserver.TCPServer.server_bind(self)
2026-03-01 22:46:10:   File "/usr/lib/python3.12/socketserver.py", line 473, in server_bind
2026-03-01 22:46:10:     self.socket.bind(self.server_address)
2026-03-01 22:46:10: OSError: [Errno 98] Address already in use
2026-03-01 22:46:12: Traceback (most recent call last):
2026-03-01 22:46:12:   File "/home/ubuntu/.openclaw/workspace/silhouette-brain/src/api/enhanced_memory_api.py", line 340, in <module>
2026-03-01 22:46:12:     run_api()
2026-03-01 22:46:12:   File "/home/ubuntu/.openclaw/workspace/silhouette-brain/src/api/enhanced_memory_api.py", line 327, in run_api
2026-03-01 22:46:12:     server = ReuseAddressServer(('0.0.0.0', port), MemoryAPIHandler)
2026-03-01 22:46:12:              ^^^^^^^^^^^^^^^^^^^^^^^^^^^^^^^^^^^^^^^^^^^^^^^^^^^^^^^
2026-03-01 22:46:12:   File "/usr/lib/python3.12/socketserver.py", line 457, in __init__
2026-03-01 22:46:12:     self.server_bind()
2026-03-01 22:46:12:   File "/usr/lib/python3.12/http/server.py", line 136, in server_bind
2026-03-01 22:46:12:     socketserver.TCPServer.server_bind(self)
2026-03-01 22:46:12:   File "/usr/lib/python3.12/socketserver.py", line 473, in server_bind
2026-03-01 22:46:12:     self.socket.bind(self.server_address)
2026-03-01 22:46:12: OSError: [Errno 98] Address already in use
2026-03-01 22:46:14: Traceback (most recent call last):
2026-03-01 22:46:14:   File "/home/ubuntu/.openclaw/workspace/silhouette-brain/src/api/enhanced_memory_api.py", line 340, in <module>
2026-03-01 22:46:14:     run_api()
2026-03-01 22:46:14:   File "/home/ubuntu/.openclaw/workspace/silhouette-brain/src/api/enhanced_memory_api.py", line 327, in run_api
2026-03-01 22:46:14:     server = ReuseAddressServer(('0.0.0.0', port), MemoryAPIHandler)
2026-03-01 22:46:14:              ^^^^^^^^^^^^^^^^^^^^^^^^^^^^^^^^^^^^^^^^^^^^^^^^^^^^^^^
2026-03-01 22:46:14:   File "/usr/lib/python3.12/socketserver.py", line 457, in __init__
2026-03-01 22:46:14:     self.server_bind()
2026-03-01 22:46:14:   File "/usr/lib/python3.12/http/server.py", line 136, in server_bind
2026-03-01 22:46:14:     socketserver.TCPServer.server_bind(self)
2026-03-01 22:46:14:   File "/usr/lib/python3.12/socketserver.py", line 473, in server_bind
2026-03-01 22:46:14:     self.socket.bind(self.server_address)
2026-03-01 22:46:14: OSError: [Errno 98] Address already in use
2026-03-01 22:46:16: Traceback (most recent call last):
2026-03-01 22:46:16:   File "/home/ubuntu/.openclaw/workspace/silhouette-brain/src/api/enhanced_memory_api.py", line 340, in <module>
2026-03-01 22:46:16:     run_api()
2026-03-01 22:46:16:   File "/home/ubuntu/.openclaw/workspace/silhouette-brain/src/api/enhanced_memory_api.py", line 327, in run_api
2026-03-01 22:46:16:     server = ReuseAddressServer(('0.0.0.0', port), MemoryAPIHandler)
2026-03-01 22:46:16:              ^^^^^^^^^^^^^^^^^^^^^^^^^^^^^^^^^^^^^^^^^^^^^^^^^^^^^^^
2026-03-01 22:46:16:   File "/usr/lib/python3.12/socketserver.py", line 457, in __init__
2026-03-01 22:46:16:     self.server_bind()
2026-03-01 22:46:16:   File "/usr/lib/python3.12/http/server.py", line 136, in server_bind
2026-03-01 22:46:16:     socketserver.TCPServer.server_bind(self)
2026-03-01 22:46:16:   File "/usr/lib/python3.12/socketserver.py", line 473, in server_bind
2026-03-01 22:46:16:     self.socket.bind(self.server_address)
2026-03-01 22:46:16: OSError: [Errno 98] Address already in use
2026-03-01 22:46:18: Traceback (most recent call last):
2026-03-01 22:46:18:   File "/home/ubuntu/.openclaw/workspace/silhouette-brain/src/api/enhanced_memory_api.py", line 340, in <module>
2026-03-01 22:46:18:     run_api()
2026-03-01 22:46:18:   File "/home/ubuntu/.openclaw/workspace/silhouette-brain/src/api/enhanced_memory_api.py", line 327, in run_api
2026-03-01 22:46:18:     server = ReuseAddressServer(('0.0.0.0', port), MemoryAPIHandler)
2026-03-01 22:46:18:              ^^^^^^^^^^^^^^^^^^^^^^^^^^^^^^^^^^^^^^^^^^^^^^^^^^^^^^^
2026-03-01 22:46:18:   File "/usr/lib/python3.12/socketserver.py", line 457, in __init__
2026-03-01 22:46:18:     self.server_bind()
2026-03-01 22:46:18:   File "/usr/lib/python3.12/http/server.py", line 136, in server_bind
2026-03-01 22:46:18:     socketserver.TCPServer.server_bind(self)
2026-03-01 22:46:18:   File "/usr/lib/python3.12/socketserver.py", line 473, in server_bind
2026-03-01 22:46:18:     self.socket.bind(self.server_address)
2026-03-01 22:46:18: OSError: [Errno 98] Address already in use
2026-03-01 22:46:21: Traceback (most recent call last):
2026-03-01 22:46:21:   File "/home/ubuntu/.openclaw/workspace/silhouette-brain/src/api/enhanced_memory_api.py", line 340, in <module>
2026-03-01 22:46:21:     run_api()
2026-03-01 22:46:21:   File "/home/ubuntu/.openclaw/workspace/silhouette-brain/src/api/enhanced_memory_api.py", line 327, in run_api
2026-03-01 22:46:21:     server = ReuseAddressServer(('0.0.0.0', port), MemoryAPIHandler)
2026-03-01 22:46:21:              ^^^^^^^^^^^^^^^^^^^^^^^^^^^^^^^^^^^^^^^^^^^^^^^^^^^^^^^
2026-03-01 22:46:21:   File "/usr/lib/python3.12/socketserver.py", line 457, in __init__
2026-03-01 22:46:21:     self.server_bind()
2026-03-01 22:46:21:   File "/usr/lib/python3.12/http/server.py", line 136, in server_bind
2026-03-01 22:46:21:     socketserver.TCPServer.server_bind(self)
2026-03-01 22:46:21:   File "/usr/lib/python3.12/socketserver.py", line 473, in server_bind
2026-03-01 22:46:21:     self.socket.bind(self.server_address)
2026-03-01 22:46:21: OSError: [Errno 98] Address already in use
2026-03-01 22:46:23: Traceback (most recent call last):
2026-03-01 22:46:23:   File "/home/ubuntu/.openclaw/workspace/silhouette-brain/src/api/enhanced_memory_api.py", line 340, in <module>
2026-03-01 22:46:23:     run_api()
2026-03-01 22:46:23:   File "/home/ubuntu/.openclaw/workspace/silhouette-brain/src/api/enhanced_memory_api.py", line 327, in run_api
2026-03-01 22:46:23:     server = ReuseAddressServer(('0.0.0.0', port), MemoryAPIHandler)
2026-03-01 22:46:23:              ^^^^^^^^^^^^^^^^^^^^^^^^^^^^^^^^^^^^^^^^^^^^^^^^^^^^^^^
2026-03-01 22:46:23:   File "/usr/lib/python3.12/socketserver.py", line 457, in __init__
2026-03-01 22:46:23:     self.server_bind()
2026-03-01 22:46:23:   File "/usr/lib/python3.12/http/server.py", line 136, in server_bind
2026-03-01 22:46:23:     socketserver.TCPServer.server_bind(self)
2026-03-01 22:46:23:   File "/usr/lib/python3.12/socketserver.py", line 473, in server_bind
2026-03-01 22:46:23:     self.socket.bind(self.server_address)
2026-03-01 22:46:23: OSError: [Errno 98] Address already in use
2026-03-01 22:46:25: Traceback (most recent call last):
2026-03-01 22:46:25:   File "/home/ubuntu/.openclaw/workspace/silhouette-brain/src/api/enhanced_memory_api.py", line 340, in <module>
2026-03-01 22:46:25:     run_api()
2026-03-01 22:46:25:   File "/home/ubuntu/.openclaw/workspace/silhouette-brain/src/api/enhanced_memory_api.py", line 327, in run_api
2026-03-01 22:46:25:     server = ReuseAddressServer(('0.0.0.0', port), MemoryAPIHandler)
2026-03-01 22:46:25:              ^^^^^^^^^^^^^^^^^^^^^^^^^^^^^^^^^^^^^^^^^^^^^^^^^^^^^^^
2026-03-01 22:46:25:   File "/usr/lib/python3.12/socketserver.py", line 457, in __init__
2026-03-01 22:46:25:     self.server_bind()
2026-03-01 22:46:25:   File "/usr/lib/python3.12/http/server.py", line 136, in server_bind
2026-03-01 22:46:25:     socketserver.TCPServer.server_bind(self)
2026-03-01 22:46:25:   File "/usr/lib/python3.12/socketserver.py", line 473, in server_bind
2026-03-01 22:46:25:     self.socket.bind(self.server_address)
2026-03-01 22:46:25: OSError: [Errno 98] Address already in use
2026-03-01 22:46:27: Traceback (most recent call last):
2026-03-01 22:46:27:   File "/home/ubuntu/.openclaw/workspace/silhouette-brain/src/api/enhanced_memory_api.py", line 340, in <module>
2026-03-01 22:46:27:     run_api()
2026-03-01 22:46:27:   File "/home/ubuntu/.openclaw/workspace/silhouette-brain/src/api/enhanced_memory_api.py", line 327, in run_api
2026-03-01 22:46:27:     server = ReuseAddressServer(('0.0.0.0', port), MemoryAPIHandler)
2026-03-01 22:46:27:              ^^^^^^^^^^^^^^^^^^^^^^^^^^^^^^^^^^^^^^^^^^^^^^^^^^^^^^^
2026-03-01 22:46:27:   File "/usr/lib/python3.12/socketserver.py", line 457, in __init__
2026-03-01 22:46:27:     self.server_bind()
2026-03-01 22:46:27:   File "/usr/lib/python3.12/http/server.py", line 136, in server_bind
2026-03-01 22:46:27:     socketserver.TCPServer.server_bind(self)
2026-03-01 22:46:27:   File "/usr/lib/python3.12/socketserver.py", line 473, in server_bind
2026-03-01 22:46:27:     self.socket.bind(self.server_address)
2026-03-01 22:46:27: OSError: [Errno 98] Address already in use
2026-03-01 22:46:29: Traceback (most recent call last):
2026-03-01 22:46:29:   File "/home/ubuntu/.openclaw/workspace/silhouette-brain/src/api/enhanced_memory_api.py", line 340, in <module>
2026-03-01 22:46:29:     run_api()
2026-03-01 22:46:29:   File "/home/ubuntu/.openclaw/workspace/silhouette-brain/src/api/enhanced_memory_api.py", line 327, in run_api
2026-03-01 22:46:29:     server = ReuseAddressServer(('0.0.0.0', port), MemoryAPIHandler)
2026-03-01 22:46:29:              ^^^^^^^^^^^^^^^^^^^^^^^^^^^^^^^^^^^^^^^^^^^^^^^^^^^^^^^
2026-03-01 22:46:29:   File "/usr/lib/python3.12/socketserver.py", line 457, in __init__
2026-03-01 22:46:29:     self.server_bind()
2026-03-01 22:46:29:   File "/usr/lib/python3.12/http/server.py", line 136, in server_bind
2026-03-01 22:46:29:     socketserver.TCPServer.server_bind(self)
2026-03-01 22:46:29:   File "/usr/lib/python3.12/socketserver.py", line 473, in server_bind
2026-03-01 22:46:29:     self.socket.bind(self.server_address)
2026-03-01 22:46:29: OSError: [Errno 98] Address already in use
2026-03-01 22:46:31: Traceback (most recent call last):
2026-03-01 22:46:31:   File "/home/ubuntu/.openclaw/workspace/silhouette-brain/src/api/enhanced_memory_api.py", line 340, in <module>
2026-03-01 22:46:31:     run_api()
2026-03-01 22:46:31:   File "/home/ubuntu/.openclaw/workspace/silhouette-brain/src/api/enhanced_memory_api.py", line 327, in run_api
2026-03-01 22:46:31:     server = ReuseAddressServer(('0.0.0.0', port), MemoryAPIHandler)
2026-03-01 22:46:31:              ^^^^^^^^^^^^^^^^^^^^^^^^^^^^^^^^^^^^^^^^^^^^^^^^^^^^^^^
2026-03-01 22:46:31:   File "/usr/lib/python3.12/socketserver.py", line 457, in __init__
2026-03-01 22:46:31:     self.server_bind()
2026-03-01 22:46:31:   File "/usr/lib/python3.12/http/server.py", line 136, in server_bind
2026-03-01 22:46:31:     socketserver.TCPServer.server_bind(self)
2026-03-01 22:46:31:   File "/usr/lib/python3.12/socketserver.py", line 473, in server_bind
2026-03-01 22:46:31:     self.socket.bind(self.server_address)
2026-03-01 22:46:31: OSError: [Errno 98] Address already in use
2026-03-01 22:46:33: Traceback (most recent call last):
2026-03-01 22:46:33:   File "/home/ubuntu/.openclaw/workspace/silhouette-brain/src/api/enhanced_memory_api.py", line 340, in <module>
2026-03-01 22:46:33:     run_api()
2026-03-01 22:46:33:   File "/home/ubuntu/.openclaw/workspace/silhouette-brain/src/api/enhanced_memory_api.py", line 327, in run_api
2026-03-01 22:46:33:     server = ReuseAddressServer(('0.0.0.0', port), MemoryAPIHandler)
2026-03-01 22:46:33:              ^^^^^^^^^^^^^^^^^^^^^^^^^^^^^^^^^^^^^^^^^^^^^^^^^^^^^^^
2026-03-01 22:46:33:   File "/usr/lib/python3.12/socketserver.py", line 457, in __init__
2026-03-01 22:46:33:     self.server_bind()
2026-03-01 22:46:33:   File "/usr/lib/python3.12/http/server.py", line 136, in server_bind
2026-03-01 22:46:33:     socketserver.TCPServer.server_bind(self)
2026-03-01 22:46:33:   File "/usr/lib/python3.12/socketserver.py", line 473, in server_bind
2026-03-01 22:46:33:     self.socket.bind(self.server_address)
2026-03-01 22:46:33: OSError: [Errno 98] Address already in use
2026-03-01 22:46:35: Traceback (most recent call last):
2026-03-01 22:46:35:   File "/home/ubuntu/.openclaw/workspace/silhouette-brain/src/api/enhanced_memory_api.py", line 340, in <module>
2026-03-01 22:46:35:     run_api()
2026-03-01 22:46:35:   File "/home/ubuntu/.openclaw/workspace/silhouette-brain/src/api/enhanced_memory_api.py", line 327, in run_api
2026-03-01 22:46:35:     server = ReuseAddressServer(('0.0.0.0', port), MemoryAPIHandler)
2026-03-01 22:46:35:              ^^^^^^^^^^^^^^^^^^^^^^^^^^^^^^^^^^^^^^^^^^^^^^^^^^^^^^^
2026-03-01 22:46:35:   File "/usr/lib/python3.12/socketserver.py", line 457, in __init__
2026-03-01 22:46:35:     self.server_bind()
2026-03-01 22:46:35:   File "/usr/lib/python3.12/http/server.py", line 136, in server_bind
2026-03-01 22:46:35:     socketserver.TCPServer.server_bind(self)
2026-03-01 22:46:35:   File "/usr/lib/python3.12/socketserver.py", line 473, in server_bind
2026-03-01 22:46:35:     self.socket.bind(self.server_address)
2026-03-01 22:46:35: OSError: [Errno 98] Address already in use
2026-03-01 22:46:37: Traceback (most recent call last):
2026-03-01 22:46:37:   File "/home/ubuntu/.openclaw/workspace/silhouette-brain/src/api/enhanced_memory_api.py", line 340, in <module>
2026-03-01 22:46:37: 
2026-03-01 22:46:37:   File "/home/ubuntu/.openclaw/workspace/silhouette-brain/src/api/enhanced_memory_api.py", line 327, in run_api
2026-03-01 22:46:37:     server = ReuseAddressServer(('0.0.0.0', port), MemoryAPIHandler)
2026-03-01 22:46:37:              ^^^^^^^^^^^^^^^^^^^^^^^^^^^^^^^^^^^^^^^^^^^^^^^^^^^^^^^
2026-03-01 22:46:37:   File "/usr/lib/python3.12/socketserver.py", line 457, in __init__
2026-03-01 22:46:37:     self.server_bind()
2026-03-01 22:46:37:   File "/usr/lib/python3.12/http/server.py", line 136, in server_bind
2026-03-01 22:46:37:     socketserver.TCPServer.server_bind(self)
2026-03-01 22:46:37:   File "/usr/lib/python3.12/socketserver.py", line 473, in server_bind
2026-03-01 22:46:37:     self.socket.bind(self.server_address)
2026-03-01 22:46:37: OSError: [Errno 98] Address already in use
2026-03-01 22:46:40: Traceback (most recent call last):
2026-03-01 22:46:40:   File "/home/ubuntu/.openclaw/workspace/silhouette-brain/src/api/enhanced_memory_api.py", line 340, in <module>
2026-03-01 22:46:40:     run_api()
2026-03-01 22:46:40:   File "/home/ubuntu/.openclaw/workspace/silhouette-brain/src/api/enhanced_memory_api.py", line 327, in run_api
2026-03-01 22:46:40:     server = ReuseAddressServer(('0.0.0.0', port), MemoryAPIHandler)
2026-03-01 22:46:40:              ^^^^^^^^^^^^^^^^^^^^^^^^^^^^^^^^^^^^^^^^^^^^^^^^^^^^^^^
2026-03-01 22:46:40:   File "/usr/lib/python3.12/socketserver.py", line 457, in __init__
2026-03-01 22:46:40:     self.server_bind()
2026-03-01 22:46:40:   File "/usr/lib/python3.12/http/server.py", line 136, in server_bind
2026-03-01 22:46:40:     socketserver.TCPServer.server_bind(self)
2026-03-01 22:46:40:   File "/usr/lib/python3.12/socketserver.py", line 473, in server_bind
2026-03-01 22:46:40:     self.socket.bind(self.server_address)
2026-03-01 22:46:40: OSError: [Errno 98] Address already in use
2026-03-01 22:46:42: Traceback (most recent call last):
2026-03-01 22:46:42:   File "/home/ubuntu/.openclaw/workspace/silhouette-brain/src/api/enhanced_memory_api.py", line 340, in <module>
2026-03-01 22:46:42:     run_api()
2026-03-01 22:46:42:   File "/home/ubuntu/.openclaw/workspace/silhouette-brain/src/api/enhanced_memory_api.py", line 327, in run_api
2026-03-01 22:46:42:     server = ReuseAddressServer(('0.0.0.0', port), MemoryAPIHandler)
2026-03-01 22:46:42:              ^^^^^^^^^^^^^^^^^^^^^^^^^^^^^^^^^^^^^^^^^^^^^^^^^^^^^^^
2026-03-01 22:46:42:   File "/usr/lib/python3.12/socketserver.py", line 457, in __init__
2026-03-01 22:46:42:     self.server_bind()
2026-03-01 22:46:42:   File "/usr/lib/python3.12/http/server.py", line 136, in server_bind
2026-03-01 22:46:42:     socketserver.TCPServer.server_bind(self)
2026-03-01 22:46:42:   File "/usr/lib/python3.12/socketserver.py", line 473, in server_bind
2026-03-01 22:46:42:     self.socket.bind(self.server_address)
2026-03-01 22:46:42: OSError: [Errno 98] Address already in use
2026-03-01 22:46:44: Traceback (most recent call last):
2026-03-01 22:46:44:   File "/home/ubuntu/.openclaw/workspace/silhouette-brain/src/api/enhanced_memory_api.py", line 340, in <module>
2026-03-01 22:46:44:     run_api()
2026-03-01 22:46:44:   File "/home/ubuntu/.openclaw/workspace/silhouette-brain/src/api/enhanced_memory_api.py", line 327, in run_api
2026-03-01 22:46:44:     server = ReuseAddressServer(('0.0.0.0', port), MemoryAPIHandler)
2026-03-01 22:46:44:              ^^^^^^^^^^^^^^^^^^^^^^^^^^^^^^^^^^^^^^^^^^^^^^^^^^^^^^^
2026-03-01 22:46:44:   File "/usr/lib/python3.12/socketserver.py", line 457, in __init__
2026-03-01 22:46:44:     self.server_bind()
2026-03-01 22:46:44:   File "/usr/lib/python3.12/http/server.py", line 136, in server_bind
2026-03-01 22:46:44:     socketserver.TCPServer.server_bind(self)
2026-03-01 22:46:44:   File "/usr/lib/python3.12/socketserver.py", line 473, in server_bind
2026-03-01 22:46:44:     self.socket.bind(self.server_address)
2026-03-01 22:46:44: OSError: [Errno 98] Address already in use
2026-03-01 22:46:46: Traceback (most recent call last):
2026-03-01 22:46:46:   File "/home/ubuntu/.openclaw/workspace/silhouette-brain/src/api/enhanced_memory_api.py", line 340, in <module>
2026-03-01 22:46:46:     run_api()
2026-03-01 22:46:46:   File "/home/ubuntu/.openclaw/workspace/silhouette-brain/src/api/enhanced_memory_api.py", line 327, in run_api
2026-03-01 22:46:46:     server = ReuseAddressServer(('0.0.0.0', port), MemoryAPIHandler)
2026-03-01 22:46:46:              ^^^^^^^^^^^^^^^^^^^^^^^^^^^^^^^^^^^^^^^^^^^^^^^^^^^^^^^
2026-03-01 22:46:46:   File "/usr/lib/python3.12/socketserver.py", line 457, in __init__
2026-03-01 22:46:46:     self.server_bind()
2026-03-01 22:46:46:   File "/usr/lib/python3.12/http/server.py", line 136, in server_bind
2026-03-01 22:46:46:     socketserver.TCPServer.server_bind(self)
2026-03-01 22:46:46:   File "/usr/lib/python3.12/socketserver.py", line 473, in server_bind
2026-03-01 22:46:46:     self.socket.bind(self.server_address)
2026-03-01 22:46:46: OSError: [Errno 98] Address already in use
2026-03-01 22:46:48: Traceback (most recent call last):
2026-03-01 22:46:48:   File "/home/ubuntu/.openclaw/workspace/silhouette-brain/src/api/enhanced_memory_api.py", line 340, in <module>
2026-03-01 22:46:48:     run_api()
2026-03-01 22:46:48:   File "/home/ubuntu/.openclaw/workspace/silhouette-brain/src/api/enhanced_memory_api.py", line 327, in run_api
2026-03-01 22:46:48:     server = ReuseAddressServer(('0.0.0.0', port), MemoryAPIHandler)
2026-03-01 22:46:48:              ^^^^^^^^^^^^^^^^^^^^^^^^^^^^^^^^^^^^^^^^^^^^^^^^^^^^^^^
2026-03-01 22:46:48:   File "/usr/lib/python3.12/socketserver.py", line 457, in __init__
2026-03-01 22:46:48:     self.server_bind()
2026-03-01 22:46:48:   File "/usr/lib/python3.12/http/server.py", line 136, in server_bind
2026-03-01 22:46:48:     socketserver.TCPServer.server_bind(self)
2026-03-01 22:46:48:   File "/usr/lib/python3.12/socketserver.py", line 473, in server_bind
2026-03-01 22:46:48:     self.socket.bind(self.server_address)
2026-03-01 22:46:48: OSError: [Errno 98] Address already in use
2026-03-01 22:46:50: Traceback (most recent call last):
2026-03-01 22:46:50:   File "/home/ubuntu/.openclaw/workspace/silhouette-brain/src/api/enhanced_memory_api.py", line 340, in <module>
2026-03-01 22:46:50:     run_api()
2026-03-01 22:46:50:   File "/home/ubuntu/.openclaw/workspace/silhouette-brain/src/api/enhanced_memory_api.py", line 327, in run_api
2026-03-01 22:46:50:     server = ReuseAddressServer(('0.0.0.0', port), MemoryAPIHandler)
2026-03-01 22:46:50:              ^^^^^^^^^^^^^^^^^^^^^^^^^^^^^^^^^^^^^^^^^^^^^^^^^^^^^^^
2026-03-01 22:46:50:   File "/usr/lib/python3.12/socketserver.py", line 457, in __init__
2026-03-01 22:46:50:     self.server_bind()
2026-03-01 22:46:50:   File "/usr/lib/python3.12/http/server.py", line 136, in server_bind
2026-03-01 22:46:50:     socketserver.TCPServer.server_bind(self)
2026-03-01 22:46:50:   File "/usr/lib/python3.12/socketserver.py", line 473, in server_bind
2026-03-01 22:46:50:     self.socket.bind(self.server_address)
2026-03-01 22:46:50: OSError: [Errno 98] Address already in use
2026-03-01 22:46:52: Traceback (most recent call last):
2026-03-01 22:46:52:   File "/home/ubuntu/.openclaw/workspace/silhouette-brain/src/api/enhanced_memory_api.py", line 340, in <module>
2026-03-01 22:46:52:     run_api()
2026-03-01 22:46:52:   File "/home/ubuntu/.openclaw/workspace/silhouette-brain/src/api/enhanced_memory_api.py", line 327, in run_api
2026-03-01 22:46:52:     server = ReuseAddressServer(('0.0.0.0', port), MemoryAPIHandler)
2026-03-01 22:46:52:              ^^^^^^^^^^^^^^^^^^^^^^^^^^^^^^^^^^^^^^^^^^^^^^^^^^^^^^^
2026-03-01 22:46:52:   File "/usr/lib/python3.12/socketserver.py", line 457, in __init__
2026-03-01 22:46:52:     self.server_bind()
2026-03-01 22:46:52:   File "/usr/lib/python3.12/http/server.py", line 136, in server_bind
2026-03-01 22:46:52:     socketserver.TCPServer.server_bind(self)
2026-03-01 22:46:52:   File "/usr/lib/python3.12/socketserver.py", line 473, in server_bind
2026-03-01 22:46:52:     self.socket.bind(self.server_address)
2026-03-01 22:46:52: OSError: [Errno 98] Address already in use
2026-03-01 22:46:54: Traceback (most recent call last):
2026-03-01 22:46:54:   File "/home/ubuntu/.openclaw/workspace/silhouette-brain/src/api/enhanced_memory_api.py", line 340, in <module>
2026-03-01 22:46:54:     run_api()
2026-03-01 22:46:54:   File "/home/ubuntu/.openclaw/workspace/silhouette-brain/src/api/enhanced_memory_api.py", line 327, in run_api
2026-03-01 22:46:54:     server = ReuseAddressServer(('0.0.0.0', port), MemoryAPIHandler)
2026-03-01 22:46:54:              ^^^^^^^^^^^^^^^^^^^^^^^^^^^^^^^^^^^^^^^^^^^^^^^^^^^^^^^
2026-03-01 22:46:54:   File "/usr/lib/python3.12/socketserver.py", line 457, in __init__
2026-03-01 22:46:54:     self.server_bind()
2026-03-01 22:46:54:   File "/usr/lib/python3.12/http/server.py", line 136, in server_bind
2026-03-01 22:46:54:     socketserver.TCPServer.server_bind(self)
2026-03-01 22:46:54:   File "/usr/lib/python3.12/socketserver.py", line 473, in server_bind
2026-03-01 22:46:54:     self.socket.bind(self.server_address)
2026-03-01 22:46:54: OSError: [Errno 98] Address already in use
2026-03-01 22:46:56: Traceback (most recent call last):
2026-03-01 22:46:56:   File "/home/ubuntu/.openclaw/workspace/silhouette-brain/src/api/enhanced_memory_api.py", line 340, in <module>
2026-03-01 22:46:56:     run_api()
2026-03-01 22:46:56:   File "/home/ubuntu/.openclaw/workspace/silhouette-brain/src/api/enhanced_memory_api.py", line 327, in run_api
2026-03-01 22:46:56:     server = ReuseAddressServer(('0.0.0.0', port), MemoryAPIHandler)
2026-03-01 22:46:56:              ^^^^^^^^^^^^^^^^^^^^^^^^^^^^^^^^^^^^^^^^^^^^^^^^^^^^^^^
2026-03-01 22:46:56:   File "/usr/lib/python3.12/socketserver.py", line 457, in __init__
2026-03-01 22:46:56:     self.server_bind()
2026-03-01 22:46:56:   File "/usr/lib/python3.12/http/server.py", line 136, in server_bind
2026-03-01 22:46:56:     socketserver.TCPServer.server_bind(self)
2026-03-01 22:46:56:   File "/usr/lib/python3.12/socketserver.py", line 473, in server_bind
2026-03-01 22:46:56:     self.socket.bind(self.server_address)
2026-03-01 22:46:56: OSError: [Errno 98] Address already in use
2026-03-01 22:46:59: Traceback (most recent call last):
2026-03-01 22:46:59:   File "/home/ubuntu/.openclaw/workspace/silhouette-brain/src/api/enhanced_memory_api.py", line 340, in <module>
2026-03-01 22:46:59:     run_api()
2026-03-01 22:46:59:   File "/home/ubuntu/.openclaw/workspace/silhouette-brain/src/api/enhanced_memory_api.py", line 327, in run_api
2026-03-01 22:46:59:     server = ReuseAddressServer(('0.0.0.0', port), MemoryAPIHandler)
2026-03-01 22:46:59:              ^^^^^^^^^^^^^^^^^^^^^^^^^^^^^^^^^^^^^^^^^^^^^^^^^^^^^^^
2026-03-01 22:46:59:   File "/usr/lib/python3.12/socketserver.py", line 457, in __init__
2026-03-01 22:46:59:     self.server_bind()
2026-03-01 22:46:59:   File "/usr/lib/python3.12/http/server.py", line 136, in server_bind
2026-03-01 22:46:59:     socketserver.TCPServer.server_bind(self)
2026-03-01 22:46:59:   File "/usr/lib/python3.12/socketserver.py", line 473, in server_bind
2026-03-01 22:46:59:     self.socket.bind(self.server_address)
2026-03-01 22:46:59: OSError: [Errno 98] Address already in use
2026-03-01 22:47:01: Traceback (most recent call last):
2026-03-01 22:47:01:   File "/home/ubuntu/.openclaw/workspace/silhouette-brain/src/api/enhanced_memory_api.py", line 340, in <module>
2026-03-01 22:47:01:     run_api()
2026-03-01 22:47:01:   File "/home/ubuntu/.openclaw/workspace/silhouette-brain/src/api/enhanced_memory_api.py", line 327, in run_api
2026-03-01 22:47:01:     server = ReuseAddressServer(('0.0.0.0', port), MemoryAPIHandler)
2026-03-01 22:47:01:              ^^^^^^^^^^^^^^^^^^^^^^^^^^^^^^^^^^^^^^^^^^^^^^^^^^^^^^^
2026-03-01 22:47:01:   File "/usr/lib/python3.12/socketserver.py", line 457, in __init__
2026-03-01 22:47:01:     self.server_bind()
2026-03-01 22:47:01:   File "/usr/lib/python3.12/http/server.py", line 136, in server_bind
2026-03-01 22:47:01:     socketserver.TCPServer.server_bind(self)
2026-03-01 22:47:01:   File "/usr/lib/python3.12/socketserver.py", line 473, in server_bind
2026-03-01 22:47:01:     self.socket.bind(self.server_address)
2026-03-01 22:47:01: OSError: [Errno 98] Address already in use
2026-03-01 22:47:03: Traceback (most recent call last):
2026-03-01 22:47:03:   File "/home/ubuntu/.openclaw/workspace/silhouette-brain/src/api/enhanced_memory_api.py", line 340, in <module>
2026-03-01 22:47:03:     run_api()
2026-03-01 22:47:03:   File "/home/ubuntu/.openclaw/workspace/silhouette-brain/src/api/enhanced_memory_api.py", line 327, in run_api
2026-03-01 22:47:03:     server = ReuseAddressServer(('0.0.0.0', port), MemoryAPIHandler)
2026-03-01 22:47:03:              ^^^^^^^^^^^^^^^^^^^^^^^^^^^^^^^^^^^^^^^^^^^^^^^^^^^^^^^
2026-03-01 22:47:03:   File "/usr/lib/python3.12/socketserver.py", line 457, in __init__
2026-03-01 22:47:03:     self.server_bind()
2026-03-01 22:47:03:   File "/usr/lib/python3.12/http/server.py", line 136, in server_bind
2026-03-01 22:47:03:     socketserver.TCPServer.server_bind(self)
2026-03-01 22:47:03:   File "/usr/lib/python3.12/socketserver.py", line 473, in server_bind
2026-03-01 22:47:03:     self.socket.bind(self.server_address)
2026-03-01 22:47:03: OSError: [Errno 98] Address already in use
2026-03-01 22:47:05: Traceback (most recent call last):
2026-03-01 22:47:05:   File "/home/ubuntu/.openclaw/workspace/silhouette-brain/src/api/enhanced_memory_api.py", line 340, in <module>
2026-03-01 22:47:05:     run_api()
2026-03-01 22:47:05:   File "/home/ubuntu/.openclaw/workspace/silhouette-brain/src/api/enhanced_memory_api.py", line 327, in run_api
2026-03-01 22:47:05:     server = ReuseAddressServer(('0.0.0.0', port), MemoryAPIHandler)
2026-03-01 22:47:05:              ^^^^^^^^^^^^^^^^^^^^^^^^^^^^^^^^^^^^^^^^^^^^^^^^^^^^^^^
2026-03-01 22:47:05:   File "/usr/lib/python3.12/socketserver.py", line 457, in __init__
2026-03-01 22:47:05:     self.server_bind()
2026-03-01 22:47:05:   File "/usr/lib/python3.12/http/server.py", line 136, in server_bind
2026-03-01 22:47:05:     socketserver.TCPServer.server_bind(self)
2026-03-01 22:47:05:   File "/usr/lib/python3.12/socketserver.py", line 473, in server_bind
2026-03-01 22:47:05:     self.socket.bind(self.server_address)
2026-03-01 22:47:05: OSError: [Errno 98] Address already in use
2026-03-01 22:47:07: Traceback (most recent call last):
2026-03-01 22:47:07:   File "/home/ubuntu/.openclaw/workspace/silhouette-brain/src/api/enhanced_memory_api.py", line 340, in <module>
2026-03-01 22:47:07:     run_api()
2026-03-01 22:47:07:   File "/home/ubuntu/.openclaw/workspace/silhouette-brain/src/api/enhanced_memory_api.py", line 327, in run_api
2026-03-01 22:47:07:     server = ReuseAddressServer(('0.0.0.0', port), MemoryAPIHandler)
2026-03-01 22:47:07: ^^^^^^^^^^^^^^^^^^^^^^^^^^
2026-03-01 22:47:07:   File "/usr/lib/python3.12/socketserver.py", line 457, in __init__
2026-03-01 22:47:07:     self.server_bind()
2026-03-01 22:47:07:   File "/usr/lib/python3.12/http/server.py", line 136, in server_bind
2026-03-01 22:47:07:     socketserver.TCPServer.server_bind(self)
2026-03-01 22:47:07:   File "/usr/lib/python3.12/socketserver.py", line 473, in server_bind
2026-03-01 22:47:07:     self.socket.bind(self.server_address)
2026-03-01 22:47:07: OSError: [Errno 98] Address already in use
2026-03-01 22:47:09: Traceback (most recent call last):
2026-03-01 22:47:09:   File "/home/ubuntu/.openclaw/workspace/silhouette-brain/src/api/enhanced_memory_api.py", line 340, in <module>
2026-03-01 22:47:09:     run_api()
2026-03-01 22:47:09:   File "/home/ubuntu/.openclaw/workspace/silhouette-brain/src/api/enhanced_memory_api.py", line 327, in run_api
2026-03-01 22:47:09:     server = ReuseAddressServer(('0.0.0.0', port), MemoryAPIHandler)
2026-03-01 22:47:09:              ^^^^^^^^^^^^^^^^^^^^^^^^^^^^^^^^^^^^^^^^^^^^^^^^^^^^^^^
2026-03-01 22:47:09:   File "/usr/lib/python3.12/socketserver.py", line 457, in __init__
2026-03-01 22:47:09:     self.server_bind()
2026-03-01 22:47:09:   File "/usr/lib/python3.12/http/server.py", line 136, in server_bind
2026-03-01 22:47:09:     socketserver.TCPServer.server_bind(self)
2026-03-01 22:47:09:   File "/usr/lib/python3.12/socketserver.py", line 473, in server_bind
2026-03-01 22:47:09:     self.socket.bind(self.server_address)
2026-03-01 22:47:09: OSError: [Errno 98] Address already in use
2026-03-01 22:47:11: Traceback (most recent call last):
2026-03-01 22:47:11:   File "/home/ubuntu/.openclaw/workspace/silhouette-brain/src/api/enhanced_memory_api.py", line 340, in <module>
2026-03-01 22:47:11:     run_api()
2026-03-01 22:47:11:   File "/home/ubuntu/.openclaw/workspace/silhouette-brain/src/api/enhanced_memory_api.py", line 327, in run_api
2026-03-01 22:47:11:     server = ReuseAddressServer(('0.0.0.0', port), MemoryAPIHandler)
2026-03-01 22:47:11: ^^^^^^^^^^^^^^^^^^^^^^^^^^^^^^^^^^^^^^^^^^^^^^^^^^^^
2026-03-01 22:47:11:   File "/usr/lib/python3.12/socketserver.py", line 457, in __init__
2026-03-01 22:47:11:     self.server_bind()
2026-03-01 22:47:11:   File "/usr/lib/python3.12/http/server.py", line 136, in server_bind
2026-03-01 22:47:11:     socketserver.TCPServer.server_bind(self)
2026-03-01 22:47:11:   File "/usr/lib/python3.12/socketserver.py", line 473, in server_bind
2026-03-01 22:47:11:     self.socket.bind(self.server_address)
2026-03-01 22:47:11: OSError: [Errno 98] Address already in use
2026-03-01 22:47:13: Traceback (most recent call last):
2026-03-01 22:47:13:   File "/home/ubuntu/.openclaw/workspace/silhouette-brain/src/api/enhanced_memory_api.py", line 340, in <module>
2026-03-01 22:47:13:     run_api()
2026-03-01 22:47:13:   File "/home/ubuntu/.openclaw/workspace/silhouette-brain/src/api/enhanced_memory_api.py", line 327, in run_api
2026-03-01 22:47:13:     server = ReuseAddressServer(('0.0.0.0', port), MemoryAPIHandler)
2026-03-01 22:47:13:              ^^^^^^^^^^^^^^^^^^^^^^^^^^^^^^^^^^^^^^^^^^^^^^^^^^^^^^^
2026-03-01 22:47:13:   File "/usr/lib/python3.12/socketserver.py", line 457, in __init__
2026-03-01 22:47:13:     self.server_bind()
2026-03-01 22:47:13:   File "/usr/lib/python3.12/http/server.py", line 136, in server_bind
2026-03-01 22:47:13:     socketserver.TCPServer.server_bind(self)
2026-03-01 22:47:13:   File "/usr/lib/python3.12/socketserver.py", line 473, in server_bind
2026-03-01 22:47:13:     self.socket.bind(self.server_address)
2026-03-01 22:47:13: OSError: [Errno 98] Address already in use
2026-03-01 22:47:15: Traceback (most recent call last):
2026-03-01 22:47:15:   File "/home/ubuntu/.openclaw/workspace/silhouette-brain/src/api/enhanced_memory_api.py", line 340, in <module>
2026-03-01 22:47:15:     run_api()
2026-03-01 22:47:15:   File "/home/ubuntu/.openclaw/workspace/silhouette-brain/src/api/enhanced_memory_api.py", line 327, in run_api
2026-03-01 22:47:15:     server = ReuseAddressServer(('0.0.0.0', port), MemoryAPIHandler)
2026-03-01 22:47:15:              ^^^^^^^^^^^^^^^^^^^^^^^^^^^^^^^^^^^^^^^^^^^^^^^^^^^^^^^
2026-03-01 22:47:15:   File "/usr/lib/python3.12/socketserver.py", line 457, in __init__
2026-03-01 22:47:15:     self.server_bind()
2026-03-01 22:47:15:   File "/usr/lib/python3.12/http/server.py", line 136, in server_bind
2026-03-01 22:47:15:     socketserver.TCPServer.server_bind(self)
2026-03-01 22:47:15:   File "/usr/lib/python3.12/socketserver.py", line 473, in server_bind
2026-03-01 22:47:15:     self.socket.bind(self.server_address)
2026-03-01 22:47:15: OSError: [Errno 98] Address already in use
2026-03-01 22:47:17: Traceback (most recent call last):
2026-03-01 22:47:17:   File "/home/ubuntu/.openclaw/workspace/silhouette-brain/src/api/enhanced_memory_api.py", line 340, in <module>
2026-03-01 22:47:17:     run_api()
2026-03-01 22:47:17:   File "/home/ubuntu/.openclaw/workspace/silhouette-brain/src/api/enhanced_memory_api.py", line 327, in run_api
2026-03-01 22:47:17:     server = ReuseAddressServer(('0.0.0.0', port), MemoryAPIHandler)
2026-03-01 22:47:17:              ^^^^^^^^^^^^^^^^^^^^^^^^^^^^^^^^^^^^^^^^^^^^^^^^^^^^^^^
2026-03-01 22:47:17:   File "/usr/lib/python3.12/socketserver.py", line 457, in __init__
2026-03-01 22:47:17:     self.server_bind()
2026-03-01 22:47:17:   File "/usr/lib/python3.12/http/server.py", line 136, in server_bind
2026-03-01 22:47:17:     socketserver.TCPServer.server_bind(self)
2026-03-01 22:47:17:   File "/usr/lib/python3.12/socketserver.py", line 473, in server_bind
2026-03-01 22:47:17:     self.socket.bind(self.server_address)
2026-03-01 22:47:17: OSError: [Errno 98] Address already in use
2026-03-01 22:47:20: Traceback (most recent call last):
2026-03-01 22:47:20:   File "/home/ubuntu/.openclaw/workspace/silhouette-brain/src/api/enhanced_memory_api.py", line 340, in <module>
2026-03-01 22:47:20:     run_api()
2026-03-01 22:47:20:   File "/home/ubuntu/.openclaw/workspace/silhouette-brain/src/api/enhanced_memory_api.py", line 327, in run_api
2026-03-01 22:47:20:     server = ReuseAddressServer(('0.0.0.0', port), MemoryAPIHandler)
2026-03-01 22:47:20:              ^^^^^^^^^^^^^^^^^^^^^^^^^^^^^^^^^^^^^^^^^^^^^^^^^^^^^^^
2026-03-01 22:47:20:   File "/usr/lib/python3.12/socketserver.py", line 457, in __init__
2026-03-01 22:47:20:     self.server_bind()
2026-03-01 22:47:20:   File "/usr/lib/python3.12/http/server.py", line 136, in server_bind
2026-03-01 22:47:20:     socketserver.TCPServer.server_bind(self)
2026-03-01 22:47:20:   File "/usr/lib/python3.12/socketserver.py", line 473, in server_bind
2026-03-01 22:47:20:     self.socket.bind(self.server_address)
2026-03-01 22:47:20: OSError: [Errno 98] Address already in use
2026-03-01 22:47:22: Traceback (most recent call last):
2026-03-01 22:47:22:   File "/home/ubuntu/.openclaw/workspace/silhouette-brain/src/api/enhanced_memory_api.py", line 340, in <module>
2026-03-01 22:47:22:     run_api()
2026-03-01 22:47:22:   File "/home/ubuntu/.openclaw/workspace/silhouette-brain/src/api/enhanced_memory_api.py", line 327, in run_api
2026-03-01 22:47:22:     server = ReuseAddressServer(('0.0.0.0', port), MemoryAPIHandler)
2026-03-01 22:47:22:              ^^^^^^^^^^^^^^^^^^^^^^^^^^^^^^^^^^^^^^^^^^^^^^^^^^^^^^^
2026-03-01 22:47:22:   File "/usr/lib/python3.12/socketserver.py", line 457, in __init__
2026-03-01 22:47:22:     self.server_bind()
2026-03-01 22:47:22:   File "/usr/lib/python3.12/http/server.py", line 136, in server_bind
2026-03-01 22:47:22:     socketserver.TCPServer.server_bind(self)
2026-03-01 22:47:22:   File "/usr/lib/python3.12/socketserver.py", line 473, in server_bind
2026-03-01 22:47:22:     self.socket.bind(self.server_address)
2026-03-01 22:47:22: OSError: [Errno 98] Address already in use
2026-03-01 22:47:24: Traceback (most recent call last):
2026-03-01 22:47:24:   File "/home/ubuntu/.openclaw/workspace/silhouette-brain/src/api/enhanced_memory_api.py", line 340, in <module>
2026-03-01 22:47:24:     run_api()
2026-03-01 22:47:24:   File "/home/ubuntu/.openclaw/workspace/silhouette-brain/src/api/enhanced_memory_api.py", line 327, in run_api
2026-03-01 22:47:24:     server = ReuseAddressServer(('0.0.0.0', port), MemoryAPIHandler)
2026-03-01 22:47:24:              ^^^^^^^^^^^^^^^^^^^^^^^^^^^^^^^^^^^^^^^^^^^^^^^^^^^^^^^
2026-03-01 22:47:24:   File "/usr/lib/python3.12/socketserver.py", line 457, in __init__
2026-03-01 22:47:24:     self.server_bind()
2026-03-01 22:47:24:   File "/usr/lib/python3.12/http/server.py", line 136, in server_bind
2026-03-01 22:47:24:     socketserver.TCPServer.server_bind(self)
2026-03-01 22:47:24:   File "/usr/lib/python3.12/socketserver.py", line 473, in server_bind
2026-03-01 22:47:24:     self.socket.bind(self.server_address)
2026-03-01 22:47:24: OSError: [Errno 98] Address already in use
2026-03-01 22:47:26: Traceback (most recent call last):
2026-03-01 22:47:26:   File "/home/ubuntu/.openclaw/workspace/silhouette-brain/src/api/enhanced_memory_api.py", line 340, in <module>
2026-03-01 22:47:26:     run_api()
2026-03-01 22:47:26:   File "/home/ubuntu/.openclaw/workspace/silhouette-brain/src/api/enhanced_memory_api.py", line 327, in run_api
2026-03-01 22:47:26:     server = ReuseAddressServer(('0.0.0.0', port), MemoryAPIHandler)
2026-03-01 22:47:26:              ^^^^^^^^^^^^^^^^^^^^^^^^^^^^^^^^^^^^^^^^^^^^^^^^^^^^^^^
2026-03-01 22:47:26:   File "/usr/lib/python3.12/socketserver.py", line 457, in __init__
2026-03-01 22:47:26:     self.server_bind()
2026-03-01 22:47:26:   File "/usr/lib/python3.12/http/server.py", line 136, in server_bind
2026-03-01 22:47:26:     socketserver.TCPServer.server_bind(self)
2026-03-01 22:47:26:   File "/usr/lib/python3.12/socketserver.py", line 473, in server_bind
2026-03-01 22:47:26:     self.socket.bind(self.server_address)
2026-03-01 22:47:26: OSError: [Errno 98] Address already in use
2026-03-01 22:47:28: Traceback (most recent call last):
2026-03-01 22:47:28:   File "/home/ubuntu/.openclaw/workspace/silhouette-brain/src/api/enhanced_memory_api.py", line 340, in <module>
2026-03-01 22:47:28:     run_api()
2026-03-01 22:47:28:   File "/home/ubuntu/.openclaw/workspace/silhouette-brain/src/api/enhanced_memory_api.py", line 327, in run_api
2026-03-01 22:47:28:     server = ReuseAddressServer(('0.0.0.0', port), MemoryAPIHandler)
2026-03-01 22:47:28:              ^^^^^^^^^^^^^^^^^^^^^^^^^^^^^^^^^^^^^^^^^^^^^^^^^^^^^^^
2026-03-01 22:47:28:   File "/usr/lib/python3.12/socketserver.py", line 457, in __init__
2026-03-01 22:47:28:     self.server_bind()
2026-03-01 22:47:28:   File "/usr/lib/python3.12/http/server.py", line 136, in server_bind
2026-03-01 22:47:28:     socketserver.TCPServer.server_bind(self)
2026-03-01 22:47:28:   File "/usr/lib/python3.12/socketserver.py", line 473, in server_bind
2026-03-01 22:47:28:     self.socket.bind(self.server_address)
2026-03-01 22:47:28: OSError: [Errno 98] Address already in use
2026-03-01 22:47:30: Traceback (most recent call last):
2026-03-01 22:47:30:   File "/home/ubuntu/.openclaw/workspace/silhouette-brain/src/api/enhanced_memory_api.py", line 340, in <module>
2026-03-01 22:47:30:     run_api()
2026-03-01 22:47:30:   File "/home/ubuntu/.openclaw/workspace/silhouette-brain/src/api/enhanced_memory_api.py", line 327, in run_api
2026-03-01 22:47:30:     server = ReuseAddressServer(('0.0.0.0', port), MemoryAPIHandler)
2026-03-01 22:47:30:              ^^^^^^^^^^^^^^^^^^^^^^^^^^^^^^^^^^^^^^^^^^^^^^^^^^^^^^^
2026-03-01 22:47:30:   File "/usr/lib/python3.12/socketserver.py", line 457, in __init__
2026-03-01 22:47:30:     self.server_bind()
2026-03-01 22:47:30:   File "/usr/lib/python3.12/http/server.py", line 136, in server_bind
2026-03-01 22:47:30:     socketserver.TCPServer.server_bind(self)
2026-03-01 22:47:30:   File "/usr/lib/python3.12/socketserver.py", line 473, in server_bind
2026-03-01 22:47:30:     self.socket.bind(self.server_address)
2026-03-01 22:47:30: OSError: [Errno 98] Address already in use
2026-03-01 22:47:32: Traceback (most recent call last):
2026-03-01 22:47:32:   File "/home/ubuntu/.openclaw/workspace/silhouette-brain/src/api/enhanced_memory_api.py", line 340, in <module>
2026-03-01 22:47:32:     run_api()
2026-03-01 22:47:32:   File "/home/ubuntu/.openclaw/workspace/silhouette-brain/src/api/enhanced_memory_api.py", line 327, in run_api
2026-03-01 22:47:32:     server = ReuseAddressServer(('0.0.0.0', port), MemoryAPIHandler)
2026-03-01 22:47:32:              ^^^^^^^^^^^^^^^^^^^^^^^^^^^^^^^^^^^^^^^^^^^^^^^^^^^^^^^
2026-03-01 22:47:32:   File "/usr/lib/python3.12/socketserver.py", line 457, in __init__
2026-03-01 22:47:32:     self.server_bind()
2026-03-01 22:47:32:   File "/usr/lib/python3.12/http/server.py", line 136, in server_bind
2026-03-01 22:47:32:     socketserver.TCPServer.server_bind(self)
2026-03-01 22:47:32:   File "/usr/lib/python3.12/socketserver.py", line 473, in server_bind
2026-03-01 22:47:32:     self.socket.bind(self.server_address)
2026-03-01 22:47:32: OSError: [Errno 98] Address already in use
2026-03-01 22:47:34: Traceback (most recent call last):
2026-03-01 22:47:34:   File "/home/ubuntu/.openclaw/workspace/silhouette-brain/src/api/enhanced_memory_api.py", line 340, in <module>
2026-03-01 22:47:34:     run_api()
2026-03-01 22:47:34:   File "/home/ubuntu/.openclaw/workspace/silhouette-brain/src/api/enhanced_memory_api.py", line 327, in run_api
2026-03-01 22:47:34:     server = ReuseAddressServer(('0.0.0.0', port), MemoryAPIHandler)
2026-03-01 22:47:34:              ^^^^^^^^^^^^^^^^^^^^^^^^^^^^^^^^^^^^^^^^^^^^^^^^^^^^^^^
2026-03-01 22:47:34:   File "/usr/lib/python3.12/socketserver.py", line 457, in __init__
2026-03-01 22:47:34:     self.server_bind()
2026-03-01 22:47:34:   File "/usr/lib/python3.12/http/server.py", line 136, in server_bind
2026-03-01 22:47:34:     socketserver.TCPServer.server_bind(self)
2026-03-01 22:47:34:   File "/usr/lib/python3.12/socketserver.py", line 473, in server_bind
2026-03-01 22:47:34:     self.socket.bind(self.server_address)
2026-03-01 22:47:34: OSError: [Errno 98] Address already in use
2026-03-01 22:47:36: Traceback (most recent call last):
2026-03-01 22:47:36:   File "/home/ubuntu/.openclaw/workspace/silhouette-brain/src/api/enhanced_memory_api.py", line 340, in <module>
2026-03-01 22:47:36:     run_api()
2026-03-01 22:47:36:   File "/home/ubuntu/.openclaw/workspace/silhouette-brain/src/api/enhanced_memory_api.py", line 327, in run_api
2026-03-01 22:47:36:     server = ReuseAddressServer(('0.0.0.0', port), MemoryAPIHandler)
2026-03-01 22:47:36:              ^^^^^^^^^^^^^^^^^^^^^^^^^^^^^^^^^^^^^^^^^^^^^^^^^^^^^^^
2026-03-01 22:47:36:   File "/usr/lib/python3.12/socketserver.py", line 457, in __init__
2026-03-01 22:47:36:     self.server_bind()
2026-03-01 22:47:36:   File "/usr/lib/python3.12/http/server.py", line 136, in server_bind
2026-03-01 22:47:36:     socketserver.TCPServer.server_bind(self)
2026-03-01 22:47:36:   File "/usr/lib/python3.12/socketserver.py", line 473, in server_bind
2026-03-01 22:47:36:     self.socket.bind(self.server_address)
2026-03-01 22:47:36: OSError: [Errno 98] Address already in use
2026-03-01 22:47:39: Traceback (most recent call last):
2026-03-01 22:47:39:   File "/home/ubuntu/.openclaw/workspace/silhouette-brain/src/api/enhanced_memory_api.py", line 340, in <module>
2026-03-01 22:47:39:     run_api()
2026-03-01 22:47:39:   File "/home/ubuntu/.openclaw/workspace/silhouette-brain/src/api/enhanced_memory_api.py", line 327, in run_api
2026-03-01 22:47:39:     server = ReuseAddressServer(('0.0.0.0', port), MemoryAPIHandler)
2026-03-01 22:47:39:              ^^^^^^^^^^^^^^^^^^^^^^^^^^^^^^^^^^^^^^^^^^^^^^^^^^^^^^^
2026-03-01 22:47:39:   File "/usr/lib/python3.12/socketserver.py", line 457, in __init__
2026-03-01 22:47:39:     self.server_bind()
2026-03-01 22:47:39:   File "/usr/lib/python3.12/http/server.py", line 136, in server_bind
2026-03-01 22:47:39:     socketserver.TCPServer.server_bind(self)
2026-03-01 22:47:39:   File "/usr/lib/python3.12/socketserver.py", line 473, in server_bind
2026-03-01 22:47:39:     self.socket.bind(self.server_address)
2026-03-01 22:47:39: OSError: [Errno 98] Address already in use
2026-03-01 22:47:41: Traceback (most recent call last):
2026-03-01 22:47:41:   File "/home/ubuntu/.openclaw/workspace/silhouette-brain/src/api/enhanced_memory_api.py", line 340, in <module>
2026-03-01 22:47:41:     run_api()
2026-03-01 22:47:41:   File "/home/ubuntu/.openclaw/workspace/silhouette-brain/src/api/enhanced_memory_api.py", line 327, in run_api
2026-03-01 22:47:41:     server = ReuseAddressServer(('0.0.0.0', port), MemoryAPIHandler)
2026-03-01 22:47:41:              ^^^^^^^^^^^^^^^^^^^^^^^^^^^^^^^^^^^^^^^^^^^^^^^^^^^^^^^
2026-03-01 22:47:41:   File "/usr/lib/python3.12/socketserver.py", line 457, in __init__
2026-03-01 22:47:41:     self.server_bind()
2026-03-01 22:47:41:   File "/usr/lib/python3.12/http/server.py", line 136, in server_bind
2026-03-01 22:47:41:     socketserver.TCPServer.server_bind(self)
2026-03-01 22:47:41:   File "/usr/lib/python3.12/socketserver.py", line 473, in server_bind
2026-03-01 22:47:41:     self.socket.bind(self.server_address)
2026-03-01 22:47:41: OSError: [Errno 98] Address already in use
2026-03-01 22:47:43: Traceback (most recent call last):
2026-03-01 22:47:43:   File "/home/ubuntu/.openclaw/workspace/silhouette-brain/src/api/enhanced_memory_api.py", line 340, in <module>
2026-03-01 22:47:43:     run_api()
2026-03-01 22:47:43:   File "/home/ubuntu/.openclaw/workspace/silhouette-brain/src/api/enhanced_memory_api.py", line 327, in run_api
2026-03-01 22:47:43:     server = ReuseAddressServer(('0.0.0.0', port), MemoryAPIHandler)
2026-03-01 22:47:43:              ^^^^^^^^^^^^^^^^^^^^^^^^^^^^^^^^^^^^^^^^^^^^^^^^^^^^^^^
2026-03-01 22:47:43:   File "/usr/lib/python3.12/socketserver.py", line 457, in __init__
2026-03-01 22:47:43:     self.server_bind()
2026-03-01 22:47:43:   File "/usr/lib/python3.12/http/server.py", line 136, in server_bind
2026-03-01 22:47:43:     socketserver.TCPServer.server_bind(self)
2026-03-01 22:47:43:   File "/usr/lib/python3.12/socketserver.py", line 473, in server_bind
2026-03-01 22:47:43:     self.socket.bind(self.server_address)
2026-03-01 22:47:43: OSError: [Errno 98] Address already in use
2026-03-01 22:47:45: Traceback (most recent call last):
2026-03-01 22:47:45:   File "/home/ubuntu/.openclaw/workspace/silhouette-brain/src/api/enhanced_memory_api.py", line 340, in <module>
2026-03-01 22:47:45:     run_api()
2026-03-01 22:47:45:   File "/home/ubuntu/.openclaw/workspace/silhouette-brain/src/api/enhanced_memory_api.py", line 327, in run_api
2026-03-01 22:47:45:     server = ReuseAddressServer(('0.0.0.0', port), MemoryAPIHandler)
2026-03-01 22:47:45:              ^^^^^^^^^^^^^^^^^^^^^^^^^^^^^^^^^^^^^^^^^^^^^^^^^^^^^^^
2026-03-01 22:47:45:   File "/usr/lib/python3.12/socketserver.py", line 457, in __init__
2026-03-01 22:47:45:     self.server_bind()
2026-03-01 22:47:45:   File "/usr/lib/python3.12/http/server.py", line 136, in server_bind
2026-03-01 22:47:45:     socketserver.TCPServer.server_bind(self)
2026-03-01 22:47:45:   File "/usr/lib/python3.12/socketserver.py", line 473, in server_bind
2026-03-01 22:47:45:     self.socket.bind(self.server_address)
2026-03-01 22:47:45: : [Errno 98] Address already in use
2026-03-01 22:47:47: Traceback (most recent call last):
2026-03-01 22:47:47:   File "/home/ubuntu/.openclaw/workspace/silhouette-brain/src/api/enhanced_memory_api.py", line 340, in <module>
2026-03-01 22:47:47:     run_api()
2026-03-01 22:47:47:   File "/home/ubuntu/.openclaw/workspace/silhouette-brain/src/api/enhanced_memory_api.py", line 327, in run_api
2026-03-01 22:47:47:     server = ReuseAddressServer(('0.0.0.0', port), MemoryAPIHandler)
2026-03-01 22:47:47:              ^^^^^^^^^^^^^^^^^^^^^^^^^^^^^^^^^^^^^^^^^^^^^^^^^^^^^^^
2026-03-01 22:47:47:   File "/usr/lib/python3.12/socketserver.py", line 457, in __init__
2026-03-01 22:47:47:     self.server_bind()
2026-03-01 22:47:47:   File "/usr/lib/python3.12/http/server.py", line 136, in server_bind
2026-03-01 22:47:47:     socketserver.TCPServer.server_bind(self)
2026-03-01 22:47:47:   File "/usr/lib/python3.12/socketserver.py", line 473, in server_bind
2026-03-01 22:47:47:     self.socket.bind(self.server_address)
2026-03-01 22:47:47: OSError: [Errno 98] Address already in use
2026-03-01 22:47:49: Traceback (most recent call last):
2026-03-01 22:47:49:   File "/home/ubuntu/.openclaw/workspace/silhouette-brain/src/api/enhanced_memory_api.py", line 340, in <module>
2026-03-01 22:47:49:     run_api()
2026-03-01 22:47:49:   File "/home/ubuntu/.openclaw/workspace/silhouette-brain/src/api/enhanced_memory_api.py", line 327, in run_api
2026-03-01 22:47:49:     server = ReuseAddressServer(('0.0.0.0', port), MemoryAPIHandler)
2026-03-01 22:47:49: ^^^^^^^^^^^^^^^^^^^^^^^^^^^^^^
2026-03-01 22:47:49:   File "/usr/lib/python3.12/socketserver.py", line 457, in __init__
2026-03-01 22:47:49:     self.server_bind()
2026-03-01 22:47:49:   File "/usr/lib/python3.12/http/server.py", line 136, in server_bind
2026-03-01 22:47:49:     socketserver.TCPServer.server_bind(self)
2026-03-01 22:47:49:   File "/usr/lib/python3.12/socketserver.py", line 473, in server_bind
2026-03-01 22:47:49:     self.socket.bind(self.server_address)
2026-03-01 22:47:49: OSError: [Errno 98] Address already in use
2026-03-01 22:47:51: Traceback (most recent call last):
2026-03-01 22:47:51:   File "/home/ubuntu/.openclaw/workspace/silhouette-brain/src/api/enhanced_memory_api.py", line 340, in <module>
2026-03-01 22:47:51:     run_api()
2026-03-01 22:47:51:   File "/home/ubuntu/.openclaw/workspace/silhouette-brain/src/api/enhanced_memory_api.py", line 327, in run_api
2026-03-01 22:47:51:     server = ReuseAddressServer(('0.0.0.0', port), MemoryAPIHandler)
2026-03-01 22:47:51:              ^^^^^^^^^^^^^^^^^^^^^^^^^^^^^^^^^^^^^^^^^^^^^^^^^^^^^^^
2026-03-01 22:47:51:   File "/usr/lib/python3.12/socketserver.py", line 457, in __init__
2026-03-01 22:47:51:     self.server_bind()
2026-03-01 22:47:51:   File "/usr/lib/python3.12/http/server.py", line 136, in server_bind
2026-03-01 22:47:51:     socketserver.TCPServer.server_bind(self)
2026-03-01 22:47:51:   File "/usr/lib/python3.12/socketserver.py", line 473, in server_bind
2026-03-01 22:47:51:     self.socket.bind(self.server_address)
2026-03-01 22:47:51: OSError: [Errno 98] Address already in use
2026-03-01 22:47:53: Traceback (most recent call last):
2026-03-01 22:47:53:   File "/home/ubuntu/.openclaw/workspace/silhouette-brain/src/api/enhanced_memory_api.py", line 340, in <module>
2026-03-01 22:47:53:     run_api()
2026-03-01 22:47:53:   File "/home/ubuntu/.openclaw/workspace/silhouette-brain/src/api/enhanced_memory_api.py", line 327, in run_api
2026-03-01 22:47:53:     server = ReuseAddressServer(('0.0.0.0', port), MemoryAPIHandler)
2026-03-01 22:47:53:              ^^^^^^^^^^^^^^^^^^^^^^^^^^^^^^^^^^^^^^^^^^^^^^^^^^^^^^^
2026-03-01 22:47:53:   File "/usr/lib/python3.12/socketserver.py", line 457, in __init__
2026-03-01 22:47:53:     self.server_bind()
2026-03-01 22:47:53:   File "/usr/lib/python3.12/http/server.py", line 136, in server_bind
2026-03-01 22:47:53:     socketserver.TCPServer.server_bind(self)
2026-03-01 22:47:53:   File "/usr/lib/python3.12/socketserver.py", line 473, in server_bind
2026-03-01 22:47:53:     self.socket.bind(self.server_address)
2026-03-01 22:47:53: OSError: [Errno 98] Address already in use
2026-03-01 22:47:55: Traceback (most recent call last):
2026-03-01 22:47:55:   File "/home/ubuntu/.openclaw/workspace/silhouette-brain/src/api/enhanced_memory_api.py", line 340, in <module>
2026-03-01 22:47:55:     run_api()
2026-03-01 22:47:55:   File "/home/ubuntu/.openclaw/workspace/silhouette-brain/src/api/enhanced_memory_api.py", line 327, in run_api
2026-03-01 22:47:55:     server = ReuseAddressServer(('0.0.0.0', port), MemoryAPIHandler)
2026-03-01 22:47:55:              ^^^^^^^^^^^^^^^^^^^^^^^^^^^^^^^^^^^^^^^^^^^^^^^^^^^^^^^
2026-03-01 22:47:55:   File "/usr/lib/python3.12/socketserver.py", line 457, in __init__
2026-03-01 22:47:55:     self.server_bind()
2026-03-01 22:47:55:   File "/usr/lib/python3.12/http/server.py", line 136, in server_bind
2026-03-01 22:47:55:     socketserver.TCPServer.server_bind(self)
2026-03-01 22:47:55:   File "/usr/lib/python3.12/socketserver.py", line 473, in server_bind
2026-03-01 22:47:55:     self.socket.bind(self.server_address)
2026-03-01 22:47:55: OSError: [Errno 98] Address already in use
2026-03-01 22:47:58: Traceback (most recent call last):
2026-03-01 22:47:58:   File "/home/ubuntu/.openclaw/workspace/silhouette-brain/src/api/enhanced_memory_api.py", line 340, in <module>
2026-03-01 22:47:58:     run_api()
2026-03-01 22:47:58:   File "/home/ubuntu/.openclaw/workspace/silhouette-brain/src/api/enhanced_memory_api.py", line 327, in run_api
2026-03-01 22:47:58:     server = ReuseAddressServer(('0.0.0.0', port), MemoryAPIHandler)
2026-03-01 22:47:58:              ^^^^^^^^^^^^^^^^^^^^^^^^^^^^^^^^^^^^^^^^^^^^^^^^^^^^^^^
2026-03-01 22:47:58:   File "/usr/lib/python3.12/socketserver.py", line 457, in __init__
2026-03-01 22:47:58:     self.server_bind()
2026-03-01 22:47:58:   File "/usr/lib/python3.12/http/server.py", line 136, in server_bind
2026-03-01 22:47:58:     socketserver.TCPServer.server_bind(self)
2026-03-01 22:47:58:   File "/usr/lib/python3.12/socketserver.py", line 473, in server_bind
2026-03-01 22:47:58:     self.socket.bind(self.server_address)
2026-03-01 22:47:58: OSError: [Errno 98] Address already in use
2026-03-01 22:48:00: Traceback (most recent call last):
2026-03-01 22:48:00:   File "/home/ubuntu/.openclaw/workspace/silhouette-brain/src/api/enhanced_memory_api.py", line 340, in <module>
2026-03-01 22:48:00:     run_api()
2026-03-01 22:48:00:   File "/home/ubuntu/.openclaw/workspace/silhouette-brain/src/api/enhanced_memory_api.py", line 327, in run_api
2026-03-01 22:48:00:     server = ReuseAddressServer(('0.0.0.0', port), MemoryAPIHandler)
2026-03-01 22:48:00:              ^^^^^^^^^^^^^^^^^^^^^^^^^^^^^^^^^^^^^^^^^^^^^^^^^^^^^^^
2026-03-01 22:48:00:   File "/usr/lib/python3.12/socketserver.py", line 457, in __init__
2026-03-01 22:48:00:     self.server_bind()
2026-03-01 22:48:00:   File "/usr/lib/python3.12/http/server.py", line 136, in server_bind
2026-03-01 22:48:00:     socketserver.TCPServer.server_bind(self)
2026-03-01 22:48:00:   File "/usr/lib/python3.12/socketserver.py", line 473, in server_bind
2026-03-01 22:48:00:     self.socket.bind(self.server_address)
2026-03-01 22:48:00: OSError: [Errno 98] Address already in use
2026-03-01 22:48:02: Traceback (most recent call last):
2026-03-01 22:48:02:   File "/home/ubuntu/.openclaw/workspace/silhouette-brain/src/api/enhanced_memory_api.py", line 340, in <module>
2026-03-01 22:48:02:     run_api()
2026-03-01 22:48:02:   File "/home/ubuntu/.openclaw/workspace/silhouette-brain/src/api/enhanced_memory_api.py", line 327, in run_api
2026-03-01 22:48:02:     server = ReuseAddressServer(('0.0.0.0', port), MemoryAPIHandler)
2026-03-01 22:48:02:              ^^^^^^^^^^^^^^^^^^^^^^^^^^^^^^^^^^^^^^^^^^^^^^^^^^^^^^^
2026-03-01 22:48:02:   File "/usr/lib/python3.12/socketserver.py", line 457, in __init__
2026-03-01 22:48:02:     self.server_bind()
2026-03-01 22:48:02:   File "/usr/lib/python3.12/http/server.py", line 136, in server_bind
2026-03-01 22:48:02:     socketserver.TCPServer.server_bind(self)
2026-03-01 22:48:02:   File "/usr/lib/python3.12/socketserver.py", line 473, in server_bind
2026-03-01 22:48:02:     self.socket.bind(self.server_address)
2026-03-01 22:48:02: OSError: [Errno 98] Address already in use
2026-03-01 22:48:04: Traceback (most recent call last):
2026-03-01 22:48:04:   File "/home/ubuntu/.openclaw/workspace/silhouette-brain/src/api/enhanced_memory_api.py", line 340, in <module>
2026-03-01 22:48:04:     run_api()
2026-03-01 22:48:04:   File "/home/ubuntu/.openclaw/workspace/silhouette-brain/src/api/enhanced_memory_api.py", line 327, in run_api
2026-03-01 22:48:04:     server = ReuseAddressServer(('0.0.0.0', port), MemoryAPIHandler)
2026-03-01 22:48:04:              ^^^^^^^^^^^^^^^^^^^^^^^^^^^^^^^^^^^^^^^^^^^^^^^^^^^^^^^
2026-03-01 22:48:04:   File "/usr/lib/python3.12/socketserver.py", line 457, in __init__
2026-03-01 22:48:04:     self.server_bind()
2026-03-01 22:48:04:   File "/usr/lib/python3.12/http/server.py", line 136, in server_bind
2026-03-01 22:48:04:     socketserver.TCPServer.server_bind(self)
2026-03-01 22:48:04:   File "/usr/lib/python3.12/socketserver.py", line 473, in server_bind
2026-03-01 22:48:04:     self.socket.bind(self.server_address)
2026-03-01 22:48:04: OSError: [Errno 98] Address already in use
2026-03-01 22:48:06: Traceback (most recent call last):
2026-03-01 22:48:06:   File "/home/ubuntu/.openclaw/workspace/silhouette-brain/src/api/enhanced_memory_api.py", line 340, in <module>
2026-03-01 22:48:06:     run_api()
2026-03-01 22:48:06:   File "/home/ubuntu/.openclaw/workspace/silhouette-brain/src/api/enhanced_memory_api.py", line 327, in run_api
2026-03-01 22:48:06:     server = ReuseAddressServer(('0.0.0.0', port), MemoryAPIHandler)
2026-03-01 22:48:06:              ^^^^^^^^^^^^^^^^^^^^^^^^^^^^^^^^^^^^^^^^^^^^^^^^^^^^^^^
2026-03-01 22:48:06:   File "/usr/lib/python3.12/socketserver.py", line 457, in __init__
2026-03-01 22:48:06:     self.server_bind()
2026-03-01 22:48:06:   File "/usr/lib/python3.12/http/server.py", line 136, in server_bind
2026-03-01 22:48:06:     socketserver.TCPServer.server_bind(self)
2026-03-01 22:48:06:   File "/usr/lib/python3.12/socketserver.py", line 473, in server_bind
2026-03-01 22:48:06:     self.socket.bind(self.server_address)
2026-03-01 22:48:06: OSError: [Errno 98] Address already in use
2026-03-01 22:48:08: Traceback (most recent call last):
2026-03-01 22:48:08:   File "/home/ubuntu/.openclaw/workspace/silhouette-brain/src/api/enhanced_memory_api.py", line 340, in <module>
2026-03-01 22:48:08:     run_api()
2026-03-01 22:48:08:   File "/home/ubuntu/.openclaw/workspace/silhouette-brain/src/api/enhanced_memory_api.py", line 327, in run_api
2026-03-01 22:48:08:     server = ReuseAddressServer(('0.0.0.0', port), MemoryAPIHandler)
2026-03-01 22:48:08:              ^^^^^^^^^^^^^^^^^^^^^^^^^^^^^^^^^^^^^^^^^^^^^^^^^^^^^^^
2026-03-01 22:48:08:   File "/usr/lib/python3.12/socketserver.py", line 457, in __init__
2026-03-01 22:48:08:     self.server_bind()
2026-03-01 22:48:08:   File "/usr/lib/python3.12/http/server.py", line 136, in server_bind
2026-03-01 22:48:08:     socketserver.TCPServer.server_bind(self)
2026-03-01 22:48:08:   File "/usr/lib/python3.12/socketserver.py", line 473, in server_bind
2026-03-01 22:48:08:     self.socket.bind(self.server_address)
2026-03-01 22:48:08: OSError: [Errno 98] Address already in use
2026-03-01 22:48:10: Traceback (most recent call last):
2026-03-01 22:48:10:   File "/home/ubuntu/.openclaw/workspace/silhouette-brain/src/api/enhanced_memory_api.py", line 340, in <module>
2026-03-01 22:48:10:     run_api()
2026-03-01 22:48:10:   File "/home/ubuntu/.openclaw/workspace/silhouette-brain/src/api/enhanced_memory_api.py", line 327, in run_api
2026-03-01 22:48:10:     server = ReuseAddressServer(('0.0.0.0', port), MemoryAPIHandler)
2026-03-01 22:48:10:              ^^^^^^^^^^^^^^^^^^^^^^^^^^^^^^^^^^^^^^^^^^^^^^^^^^^^^^^
2026-03-01 22:48:10:   File "/usr/lib/python3.12/socketserver.py", line 457, in __init__
2026-03-01 22:48:10:     self.server_bind()
2026-03-01 22:48:10:   File "/usr/lib/python3.12/http/server.py", line 136, in server_bind
2026-03-01 22:48:10:     socketserver.TCPServer.server_bind(self)
2026-03-01 22:48:10:   File "/usr/lib/python3.12/socketserver.py", line 473, in server_bind
2026-03-01 22:48:10:     self.socket.bind(self.server_address)
2026-03-01 22:48:10: OSError: [Errno 98] Address already in use
2026-03-01 22:48:12: Traceback (most recent call last):
2026-03-01 22:48:12:   File "/home/ubuntu/.openclaw/workspace/silhouette-brain/src/api/enhanced_memory_api.py", line 340, in <module>
2026-03-01 22:48:12:     run_api()
2026-03-01 22:48:12:   File "/home/ubuntu/.openclaw/workspace/silhouette-brain/src/api/enhanced_memory_api.py", line 327, in run_api
2026-03-01 22:48:12:     server = ReuseAddressServer(('0.0.0.0', port), MemoryAPIHandler)
2026-03-01 22:48:12:              ^^^^^^^^^^^^^^^^^^^^^^^^^^^^^^^^^^^^^^^^^^^^^^^^^^^^^^^
2026-03-01 22:48:12:   File "/usr/lib/python3.12/socketserver.py", line 457, in __init__
2026-03-01 22:48:12:     self.server_bind()
2026-03-01 22:48:12:   File "/usr/lib/python3.12/http/server.py", line 136, in server_bind
2026-03-01 22:48:12:     socketserver.TCPServer.server_bind(self)
2026-03-01 22:48:12:   File "/usr/lib/python3.12/socketserver.py", line 473, in server_bind
2026-03-01 22:48:12:     self.socket.bind(self.server_address)
2026-03-01 22:48:12: OSError: [Errno 98] Address already in use
2026-03-01 22:48:14: Traceback (most recent call last):
2026-03-01 22:48:14:   File "/home/ubuntu/.openclaw/workspace/silhouette-brain/src/api/enhanced_memory_api.py", line 340, in <module>
2026-03-01 22:48:14:     run_api()
2026-03-01 22:48:14:   File "/home/ubuntu/.openclaw/workspace/silhouette-brain/src/api/enhanced_memory_api.py", line 327, in run_api
2026-03-01 22:48:14:     server = ReuseAddressServer(('0.0.0.0', port), MemoryAPIHandler)
2026-03-01 22:48:14:              ^^^^^^^^^^^^^^^^^^^^^^^^^^^^^^^^^^^^^^^^^^^^^^^^^^^^^^^
2026-03-01 22:48:14:   File "/usr/lib/python3.12/socketserver.py", line 457, in __init__
2026-03-01 22:48:14:     self.server_bind()
2026-03-01 22:48:14:   File "/usr/lib/python3.12/http/server.py", line 136, in server_bind
2026-03-01 22:48:14:     socketserver.TCPServer.server_bind(self)
2026-03-01 22:48:14:   File "/usr/lib/python3.12/socketserver.py", line 473, in server_bind
2026-03-01 22:48:14:     self.socket.bind(self.server_address)
2026-03-01 22:48:14: OSError: [Errno 98] Address already in use
2026-03-01 22:48:17: Traceback (most recent call last):
2026-03-01 22:48:17:   File "/home/ubuntu/.openclaw/workspace/silhouette-brain/src/api/enhanced_memory_api.py", line 340, in <module>
2026-03-01 22:48:17:     run_api()
2026-03-01 22:48:17:   File "/home/ubuntu/.openclaw/workspace/silhouette-brain/src/api/enhanced_memory_api.py", line 327, in run_api
2026-03-01 22:48:17:     server = ReuseAddressServer(('0.0.0.0', port), MemoryAPIHandler)
2026-03-01 22:48:17:              ^^^^^^^^^^^^^^^^^^^^^^^^^^^^^^^^^^^^^^^^^^^^^^^^^^^^^^^
2026-03-01 22:48:17:   File "/usr/lib/python3.12/socketserver.py", line 457, in __init__
2026-03-01 22:48:17:     self.server_bind()
2026-03-01 22:48:17:   File "/usr/lib/python3.12/http/server.py", line 136, in server_bind
2026-03-01 22:48:17:     socketserver.TCPServer.server_bind(self)
2026-03-01 22:48:17:   File "/usr/lib/python3.12/socketserver.py", line 473, in server_bind
2026-03-01 22:48:17:     self.socket.bind(self.server_address)
2026-03-01 22:48:17: OSError: [Errno 98] Address already in use
2026-03-01 22:48:19: Traceback (most recent call last):
2026-03-01 22:48:19:   File "/home/ubuntu/.openclaw/workspace/silhouette-brain/src/api/enhanced_memory_api.py", line 340, in <module>
2026-03-01 22:48:19:     run_api()
2026-03-01 22:48:19:   File "/home/ubuntu/.openclaw/workspace/silhouette-brain/src/api/enhanced_memory_api.py", line 327, in run_api
2026-03-01 22:48:19:     server = ReuseAddressServer(('0.0.0.0', port), MemoryAPIHandler)
2026-03-01 22:48:19:              ^^^^^^^^^^^^^^^^^^^^^^^^^^^^^^^^^^^^^^^^^^^^^^^^^^^^^^^
2026-03-01 22:48:19:   File "/usr/lib/python3.12/socketserver.py", line 457, in __init__
2026-03-01 22:48:19:     self.server_bind()
2026-03-01 22:48:19:   File "/usr/lib/python3.12/http/server.py", line 136, in server_bind
2026-03-01 22:48:19:     socketserver.TCPServer.server_bind(self)
2026-03-01 22:48:19:   File "/usr/lib/python3.12/socketserver.py", line 473, in server_bind
2026-03-01 22:48:19:     self.socket.bind(self.server_address)
2026-03-01 22:48:19: OSError: [Errno 98] Address already in use
2026-03-01 22:48:21: Traceback (most recent call last):
2026-03-01 22:48:21:   File "/home/ubuntu/.openclaw/workspace/silhouette-brain/src/api/enhanced_memory_api.py", line 340, in <module>
2026-03-01 22:48:21:     run_api()
2026-03-01 22:48:21:   File "/home/ubuntu/.openclaw/workspace/silhouette-brain/src/api/enhanced_memory_api.py", line 327, in run_api
2026-03-01 22:48:21:     server = ReuseAddressServer(('0.0.0.0', port), MemoryAPIHandler)
2026-03-01 22:48:21:              ^^^^^^^^^^^^^^^^^^^^^^^^^^^^^^^^^^^^^^^^^^^^^^^^^^^^^^^
2026-03-01 22:48:21:   File "/usr/lib/python3.12/socketserver.py", line 457, in __init__
2026-03-01 22:48:21:     self.server_bind()
2026-03-01 22:48:21:   File "/usr/lib/python3.12/http/server.py", line 136, in server_bind
2026-03-01 22:48:21:     socketserver.TCPServer.server_bind(self)
2026-03-01 22:48:21:   File "/usr/lib/python3.12/socketserver.py", line 473, in server_bind
2026-03-01 22:48:21:     self.socket.bind(self.server_address)
2026-03-01 22:48:21: OSError: [Errno 98] Address already in use
2026-03-01 22:48:23: Traceback (most recent call last):
2026-03-01 22:48:23:   File "/home/ubuntu/.openclaw/workspace/silhouette-brain/src/api/enhanced_memory_api.py", line 340, in <module>
2026-03-01 22:48:23:     run_api()
2026-03-01 22:48:23:   File "/home/ubuntu/.openclaw/workspace/silhouette-brain/src/api/enhanced_memory_api.py", line 327, in run_api
2026-03-01 22:48:23:     server = ReuseAddressServer(('0.0.0.0', port), MemoryAPIHandler)
2026-03-01 22:48:23:              ^^^^^^^^^^^^^^^^^^^^^^^^^^^^^^^^^^^^^^^^^^^^^^^^^^^^^^^
2026-03-01 22:48:23:   File "/usr/lib/python3.12/socketserver.py", line 457, in __init__
2026-03-01 22:48:23:     self.server_bind()
2026-03-01 22:48:23:   File "/usr/lib/python3.12/http/server.py", line 136, in server_bind
2026-03-01 22:48:23:     socketserver.TCPServer.server_bind(self)
2026-03-01 22:48:23:   File "/usr/lib/python3.12/socketserver.py", line 473, in server_bind
2026-03-01 22:48:23:     self.socket.bind(self.server_address)
2026-03-01 22:48:23: OSError: [Errno 98] Address already in use
2026-03-01 22:48:25: Traceback (most recent call last):
2026-03-01 22:48:25:   File "/home/ubuntu/.openclaw/workspace/silhouette-brain/src/api/enhanced_memory_api.py", line 340, in <module>
2026-03-01 22:48:25:     run_api()
2026-03-01 22:48:25:   File "/home/ubuntu/.openclaw/workspace/silhouette-brain/src/api/enhanced_memory_api.py", line 327, in run_api
2026-03-01 22:48:25:     server = ReuseAddressServer(('0.0.0.0', port), MemoryAPIHandler)
2026-03-01 22:48:25:              ^^^^^^^^^^^^^^^^^^^^^^^^^^^^^^^^^^^^^^^^^^^^^^^^^^^^^^^
2026-03-01 22:48:25:   File "/usr/lib/python3.12/socketserver.py", line 457, in __init__
2026-03-01 22:48:25:     self.server_bind()
2026-03-01 22:48:25:   File "/usr/lib/python3.12/http/server.py", line 136, in server_bind
2026-03-01 22:48:25:     socketserver.TCPServer.server_bind(self)
2026-03-01 22:48:25:   File "/usr/lib/python3.12/socketserver.py", line 473, in server_bind
2026-03-01 22:48:25:     self.socket.bind(self.server_address)
2026-03-01 22:48:25: OSError: [Errno 98] Address already in use
2026-03-01 22:48:27: Traceback (most recent call last):
2026-03-01 22:48:27:   File "/home/ubuntu/.openclaw/workspace/silhouette-brain/src/api/enhanced_memory_api.py", line 340, in <module>
2026-03-01 22:48:27:     run_api()
2026-03-01 22:48:27:   File "/home/ubuntu/.openclaw/workspace/silhouette-brain/src/api/enhanced_memory_api.py", line 327, in run_api
2026-03-01 22:48:27:     server = ReuseAddressServer(('0.0.0.0', port), MemoryAPIHandler)
2026-03-01 22:48:27: ^^^^^^^^^^^^^^^^
2026-03-01 22:48:27:   File "/usr/lib/python3.12/socketserver.py", line 457, in __init__
2026-03-01 22:48:27:     self.server_bind()
2026-03-01 22:48:27:   File "/usr/lib/python3.12/http/server.py", line 136, in server_bind
2026-03-01 22:48:27:     socketserver.TCPServer.server_bind(self)
2026-03-01 22:48:27:   File "/usr/lib/python3.12/socketserver.py", line 473, in server_bind
2026-03-01 22:48:27:     self.socket.bind(self.server_address)
2026-03-01 22:48:27: OSError: [Errno 98] Address already in use
2026-03-01 22:48:29: Traceback (most recent call last):
2026-03-01 22:48:29:   File "/home/ubuntu/.openclaw/workspace/silhouette-brain/src/api/enhanced_memory_api.py", line 340, in <module>
2026-03-01 22:48:29:     run_api()
2026-03-01 22:48:29:   File "/home/ubuntu/.openclaw/workspace/silhouette-brain/src/api/enhanced_memory_api.py", line 327, in run_api
2026-03-01 22:48:29:     server = ReuseAddressServer(('0.0.0.0', port), MemoryAPIHandler)
2026-03-01 22:48:29:              ^^^^^^^^^^^^^^^^^^^^^^^^^^^^^^^^^^^^^^^^^^^^^^^^^^^^^^^
2026-03-01 22:48:29:   File "/usr/lib/python3.12/socketserver.py", line 457, in __init__
2026-03-01 22:48:29:     self.server_bind()
2026-03-01 22:48:29:   File "/usr/lib/python3.12/http/server.py", line 136, in server_bind
2026-03-01 22:48:29:     socketserver.TCPServer.server_bind(self)
2026-03-01 22:48:29:   File "/usr/lib/python3.12/socketserver.py", line 473, in server_bind
2026-03-01 22:48:29:     self.socket.bind(self.server_address)
2026-03-01 22:48:29: OSError: [Errno 98] Address already in use
2026-03-01 22:48:31: Traceback (most recent call last):
2026-03-01 22:48:31:   File "/home/ubuntu/.openclaw/workspace/silhouette-brain/src/api/enhanced_memory_api.py", line 340, in <module>
2026-03-01 22:48:31:     run_api()
2026-03-01 22:48:31:   File "/home/ubuntu/.openclaw/workspace/silhouette-brain/src/api/enhanced_memory_api.py", line 327, in run_api
2026-03-01 22:48:31:     server = ReuseAddressServer(('0.0.0.0', port), MemoryAPIHandler)
2026-03-01 22:48:31:              ^^^^^^^^^^^^^^^^^^^^^^^^^^^^^^^^^^^^^^^^^^^^^^^^^^^^^^^
2026-03-01 22:48:31:   File "/usr/lib/python3.12/socketserver.py", line 457, in __init__
2026-03-01 22:48:31:     self.server_bind()
2026-03-01 22:48:31:   File "/usr/lib/python3.12/http/server.py", line 136, in server_bind
2026-03-01 22:48:31:     socketserver.TCPServer.server_bind(self)
2026-03-01 22:48:31:   File "/usr/lib/python3.12/socketserver.py", line 473, in server_bind
2026-03-01 22:48:31:     self.socket.bind(self.server_address)
2026-03-01 22:48:31: OSError: [Errno 98] Address already in use
2026-03-01 22:48:33: Traceback (most recent call last):
2026-03-01 22:48:33:   File "/home/ubuntu/.openclaw/workspace/silhouette-brain/src/api/enhanced_memory_api.py", line 340, in <module>
2026-03-01 22:48:33:     run_api()
2026-03-01 22:48:33:   File "/home/ubuntu/.openclaw/workspace/silhouette-brain/src/api/enhanced_memory_api.py", line 327, in run_api
2026-03-01 22:48:33:     server = ReuseAddressServer(('0.0.0.0', port), MemoryAPIHandler)
2026-03-01 22:48:33:              ^^^^^^^^^^^^^^^^^^^^^^^^^^^^^^^^^^^^^^^^^^^^^^^^^^^^^^^
2026-03-01 22:48:33:   File "/usr/lib/python3.12/socketserver.py", line 457, in __init__
2026-03-01 22:48:33:     self.server_bind()
2026-03-01 22:48:33:   File "/usr/lib/python3.12/http/server.py", line 136, in server_bind
2026-03-01 22:48:33:     socketserver.TCPServer.server_bind(self)
2026-03-01 22:48:33:   File "/usr/lib/python3.12/socketserver.py", line 473, in server_bind
2026-03-01 22:48:33:     self.socket.bind(self.server_address)
2026-03-01 22:48:33: OSError: [Errno 98] Address already in use
2026-03-01 22:48:36: Traceback (most recent call last):
2026-03-01 22:48:36:   File "/home/ubuntu/.openclaw/workspace/silhouette-brain/src/api/enhanced_memory_api.py", line 340, in <module>
2026-03-01 22:48:36:     run_api()
2026-03-01 22:48:36:   File "/home/ubuntu/.openclaw/workspace/silhouette-brain/src/api/enhanced_memory_api.py", line 327, in run_api
2026-03-01 22:48:36:     server = ReuseAddressServer(('0.0.0.0', port), MemoryAPIHandler)
2026-03-01 22:48:36:              ^^^^^^^^^^^^^^^^^^^^^^^^^^^^^^^^^^^^^^^^^^^^^^^^^^^^^^^
2026-03-01 22:48:36:   File "/usr/lib/python3.12/socketserver.py", line 457, in __init__
2026-03-01 22:48:36:     self.server_bind()
2026-03-01 22:48:36:   File "/usr/lib/python3.12/http/server.py", line 136, in server_bind
2026-03-01 22:48:36:     socketserver.TCPServer.server_bind(self)
2026-03-01 22:48:36:   File "/usr/lib/python3.12/socketserver.py", line 473, in server_bind
2026-03-01 22:48:36:     self.socket.bind(self.server_address)
2026-03-01 22:48:36: OSError: [Errno 98] Address already in use
2026-03-01 22:48:38: Traceback (most recent call last):
2026-03-01 22:48:38:   File "/home/ubuntu/.openclaw/workspace/silhouette-brain/src/api/enhanced_memory_api.py", line 340, in <module>
2026-03-01 22:48:38:     run_api()
2026-03-01 22:48:38:   File "/home/ubuntu/.openclaw/workspace/silhouette-brain/src/api/enhanced_memory_api.py", line 327, in run_api
2026-03-01 22:48:38:     server = ReuseAddressServer(('0.0.0.0', port), MemoryAPIHandler)
2026-03-01 22:48:38:              ^^^^^^^^^^^^^^^^^^^^^^^^^^^^^^^^^^^^^^^^^^^^^^^^^^^^^^^
2026-03-01 22:48:38:   File "/usr/lib/python3.12/socketserver.py", line 457, in __init__
2026-03-01 22:48:38:     self.server_bind()
2026-03-01 22:48:38:   File "/usr/lib/python3.12/http/server.py", line 136, in server_bind
2026-03-01 22:48:38:     socketserver.TCPServer.server_bind(self)
2026-03-01 22:48:38:   File "/usr/lib/python3.12/socketserver.py", line 473, in server_bind
2026-03-01 22:48:38: self.socket.bind(self.server_address)
2026-03-01 22:48:38: OSError: [Errno 98] Address already in use
2026-03-01 22:48:40: Traceback (most recent call last):
2026-03-01 22:48:40:   File "/home/ubuntu/.openclaw/workspace/silhouette-brain/src/api/enhanced_memory_api.py", line 340, in <module>
2026-03-01 22:48:40:     run_api()
2026-03-01 22:48:40:   File "/home/ubuntu/.openclaw/workspace/silhouette-brain/src/api/enhanced_memory_api.py", line 327, in run_api
2026-03-01 22:48:40:     server = ReuseAddressServer(('0.0.0.0', port), MemoryAPIHandler)
2026-03-01 22:48:40:          ^^^^^^^^^^^^^^^^^^^^^^^^^^^^^^^^^^^^^^^^^^^^^^^^^^^^^^^
2026-03-01 22:48:40:   File "/usr/lib/python3.12/socketserver.py", line 457, in __init__
2026-03-01 22:48:40:     self.server_bind()
2026-03-01 22:48:40:   File "/usr/lib/python3.12/http/server.py", line 136, in server_bind
2026-03-01 22:48:40:     socketserver.TCPServer.server_bind(self)
2026-03-01 22:48:40:   File "/usr/lib/python3.12/socketserver.py", line 473, in server_bind
2026-03-01 22:48:40:     self.socket.bind(self.server_address)
2026-03-01 22:48:40: OSError: [Errno 98] Address already in use
2026-03-01 22:48:42: Traceback (most recent call last):
2026-03-01 22:48:42:   File "/home/ubuntu/.openclaw/workspace/silhouette-brain/src/api/enhanced_memory_api.py", line 340, in <module>
2026-03-01 22:48:42:     run_api()
2026-03-01 22:48:42:   File "/home/ubuntu/.openclaw/workspace/silhouette-brain/src/api/enhanced_memory_api.py", line 327, in run_api
2026-03-01 22:48:42:     server = ReuseAddressServer(('0.0.0.0', port), MemoryAPIHandler)
2026-03-01 22:48:42: ^^^^^^^^^^^^^^^^^^^^^^^^^^^^^^^^^^^
2026-03-01 22:48:42:   File "/usr/lib/python3.12/socketserver.py", line 457, in __init__
2026-03-01 22:48:42:     self.server_bind()
2026-03-01 22:48:42:   File "/usr/lib/python3.12/http/server.py", line 136, in server_bind
2026-03-01 22:48:42:     socketserver.TCPServer.server_bind(self)
2026-03-01 22:48:42:   File "/usr/lib/python3.12/socketserver.py", line 473, in server_bind
2026-03-01 22:48:42:     self.socket.bind(self.server_address)
2026-03-01 22:48:42: OSError: [Errno 98] Address already in use
2026-03-01 22:48:44: Traceback (most recent call last):
2026-03-01 22:48:44:   File "/home/ubuntu/.openclaw/workspace/silhouette-brain/src/api/enhanced_memory_api.py", line 340, in <module>
2026-03-01 22:48:44:     run_api()
2026-03-01 22:48:44:   File "/home/ubuntu/.openclaw/workspace/silhouette-brain/src/api/enhanced_memory_api.py", line 327, in run_api
2026-03-01 22:48:44:     server = ReuseAddressServer(('0.0.0.0', port), MemoryAPIHandler)
2026-03-01 22:48:44:              ^^^^^^^^^^^^^^^^^^^^^^^^^^^^^^^^^^^^^^^^^^^^^^^^^^^^^^^
2026-03-01 22:48:44:   File "/usr/lib/python3.12/socketserver.py", line 457, in __init__
2026-03-01 22:48:44:     self.server_bind()
2026-03-01 22:48:44:   File "/usr/lib/python3.12/http/server.py", line 136, in server_bind
2026-03-01 22:48:44:     socketserver.TCPServer.server_bind(self)
2026-03-01 22:48:44:   File "/usr/lib/python3.12/socketserver.py", line 473, in server_bind
2026-03-01 22:48:44:     self.socket.bind(self.server_address)
2026-03-01 22:48:44: OSError: [Errno 98] Address already in use
2026-03-01 22:48:46: Traceback (most recent call last):
2026-03-01 22:48:46:   File "/home/ubuntu/.openclaw/workspace/silhouette-brain/src/api/enhanced_memory_api.py", line 340, in <module>
2026-03-01 22:48:46:     run_api()
2026-03-01 22:48:46:   File "/home/ubuntu/.openclaw/workspace/silhouette-brain/src/api/enhanced_memory_api.py", line 327, in run_api
2026-03-01 22:48:46:     server = ReuseAddressServer(('0.0.0.0', port), MemoryAPIHandler)
2026-03-01 22:48:46:              ^^^^^^^^^^^^^^^^^^^^^^^^^^^^^^^^^^^^^^^^^^^^^^^^^^^^^^^
2026-03-01 22:48:46:   File "/usr/lib/python3.12/socketserver.py", line 457, in __init__
2026-03-01 22:48:46:     self.server_bind()
2026-03-01 22:48:46:   File "/usr/lib/python3.12/http/server.py", line 136, in server_bind
2026-03-01 22:48:46:     socketserver.TCPServer.server_bind(self)
2026-03-01 22:48:46:   File "/usr/lib/python3.12/socketserver.py", line 473, in server_bind
2026-03-01 22:48:46:     self.socket.bind(self.server_address)
2026-03-01 22:48:46: OSError: [Errno 98] Address already in use
2026-03-01 22:48:48: Traceback (most recent call last):
2026-03-01 22:48:48:   File "/home/ubuntu/.openclaw/workspace/silhouette-brain/src/api/enhanced_memory_api.py", line 340, in <module>
2026-03-01 22:48:48:     run_api()
2026-03-01 22:48:48:   File "/home/ubuntu/.openclaw/workspace/silhouette-brain/src/api/enhanced_memory_api.py", line 327, in run_api
2026-03-01 22:48:48:     server = ReuseAddressServer(('0.0.0.0', port), MemoryAPIHandler)
2026-03-01 22:48:48:              ^^^^^^^^^^^^^^^^^^^^^^^^^^^^^^^^^^^^^^^^^^^^^^^^^^^^^^^
2026-03-01 22:48:48:   File "/usr/lib/python3.12/socketserver.py", line 457, in __init__
2026-03-01 22:48:48:     self.server_bind()
2026-03-01 22:48:48:   File "/usr/lib/python3.12/http/server.py", line 136, in server_bind
2026-03-01 22:48:48:     socketserver.TCPServer.server_bind(self)
2026-03-01 22:48:48:   File "/usr/lib/python3.12/socketserver.py", line 473, in server_bind
2026-03-01 22:48:48:     self.socket.bind(self.server_address)
2026-03-01 22:48:48: OSError: [Errno 98] Address already in use
2026-03-01 22:48:50: Traceback (most recent call last):
2026-03-01 22:48:50:   File "/home/ubuntu/.openclaw/workspace/silhouette-brain/src/api/enhanced_memory_api.py", line 340, in <module>
2026-03-01 22:48:50:     run_api()
2026-03-01 22:48:50:   File "/home/ubuntu/.openclaw/workspace/silhouette-brain/src/api/enhanced_memory_api.py", line 327, in run_api
2026-03-01 22:48:50:     server = ReuseAddressServer(('0.0.0.0', port), MemoryAPIHandler)
2026-03-01 22:48:50:              ^^^^^^^^^^^^^^^^^^^^^^^^^^^^^^^^^^^^^^^^^^^^^^^^^^^^^^^
2026-03-01 22:48:50:   File "/usr/lib/python3.12/socketserver.py", line 457, in __init__
2026-03-01 22:48:50:     self.server_bind()
2026-03-01 22:48:50:   File "/usr/lib/python3.12/http/server.py", line 136, in server_bind
2026-03-01 22:48:50:     socketserver.TCPServer.server_bind(self)
2026-03-01 22:48:50:   File "/usr/lib/python3.12/socketserver.py", line 473, in server_bind
2026-03-01 22:48:50:     self.socket.bind(self.server_address)
2026-03-01 22:48:50: OSError: [Errno 98] Address already in use
2026-03-01 22:48:52: Traceback (most recent call last):
2026-03-01 22:48:52:   File "/home/ubuntu/.openclaw/workspace/silhouette-brain/src/api/enhanced_memory_api.py", line 340, in <module>
2026-03-01 22:48:52:     run_api()
2026-03-01 22:48:52:   File "/home/ubuntu/.openclaw/workspace/silhouette-brain/src/api/enhanced_memory_api.py", line 327, in run_api
2026-03-01 22:48:52:     server = ReuseAddressServer(('0.0.0.0', port), MemoryAPIHandler)
2026-03-01 22:48:52:              ^^^^^^^^^^^^^^^^^^^^^^^^^^^^^^^^^^^^^^^^^^^^^^^^^^^^^^^
2026-03-01 22:48:52:   File "/usr/lib/python3.12/socketserver.py", line 457, in __init__
2026-03-01 22:48:52:     self.server_bind()
2026-03-01 22:48:52:   File "/usr/lib/python3.12/http/server.py", line 136, in server_bind
2026-03-01 22:48:52:     socketserver.TCPServer.server_bind(self)
2026-03-01 22:48:52:   File "/usr/lib/python3.12/socketserver.py", line 473, in server_bind
2026-03-01 22:48:52:     self.socket.bind(self.server_address)
2026-03-01 22:48:52: OSError: [Errno 98] Address already in use
2026-03-01 22:48:55: Traceback (most recent call last):
2026-03-01 22:48:55:   File "/home/ubuntu/.openclaw/workspace/silhouette-brain/src/api/enhanced_memory_api.py", line 340, in <module>
2026-03-01 22:48:55:     run_api()
2026-03-01 22:48:55:   File "/home/ubuntu/.openclaw/workspace/silhouette-brain/src/api/enhanced_memory_api.py", line 327, in run_api
2026-03-01 22:48:55:     server = ReuseAddressServer(('0.0.0.0', port), MemoryAPIHandler)
2026-03-01 22:48:55:              ^^^^^^^^^^^^^^^^^^^^^^^^^^^^^^^^^^^^^^^^^^^^^^^^^^^^^^^
2026-03-01 22:48:55:   File "/usr/lib/python3.12/socketserver.py", line 457, in __init__
2026-03-01 22:48:55:     self.server_bind()
2026-03-01 22:48:55:   File "/usr/lib/python3.12/http/server.py", line 136, in server_bind
2026-03-01 22:48:55:     socketserver.TCPServer.server_bind(self)
2026-03-01 22:48:55:   File "/usr/lib/python3.12/socketserver.py", line 473, in server_bind
2026-03-01 22:48:55:     self.socket.bind(self.server_address)
2026-03-01 22:48:55: OSError: [Errno 98] Address already in use
2026-03-01 22:48:57: Traceback (most recent call last):
2026-03-01 22:48:57:   File "/home/ubuntu/.openclaw/workspace/silhouette-brain/src/api/enhanced_memory_api.py", line 340, in <module>
2026-03-01 22:48:57:     run_api()
2026-03-01 22:48:57:   File "/home/ubuntu/.openclaw/workspace/silhouette-brain/src/api/enhanced_memory_api.py", line 327, in run_api
2026-03-01 22:48:57:     server = ReuseAddressServer(('0.0.0.0', port), MemoryAPIHandler)
2026-03-01 22:48:57:              ^^^^^^^^^^^^^^^^^^^^^^^^^^^^^^^^^^^^^^^^^^^^^^^^^^^^^^^
2026-03-01 22:48:57:   File "/usr/lib/python3.12/socketserver.py", line 457, in __init__
2026-03-01 22:48:57:     self.server_bind()
2026-03-01 22:48:57:   File "/usr/lib/python3.12/http/server.py", line 136, in server_bind
2026-03-01 22:48:57:     socketserver.TCPServer.server_bind(self)
2026-03-01 22:48:57:   File "/usr/lib/python3.12/socketserver.py", line 473, in server_bind
2026-03-01 22:48:57:     self.socket.bind(self.server_address)
2026-03-01 22:48:57: OSError: [Errno 98] Address already in use
2026-03-01 22:48:59: Traceback (most recent call last):
2026-03-01 22:48:59:   File "/home/ubuntu/.openclaw/workspace/silhouette-brain/src/api/enhanced_memory_api.py", line 340, in <module>
2026-03-01 22:48:59:     run_api()
2026-03-01 22:48:59:   File "/home/ubuntu/.openclaw/workspace/silhouette-brain/src/api/enhanced_memory_api.py", line 327, in run_api
2026-03-01 22:48:59:     server = ReuseAddressServer(('0.0.0.0', port), MemoryAPIHandler)
2026-03-01 22:48:59:              ^^^^^^^^^^^^^^^^^^^^^^^^^^^^^^^^^^^^^^^^^^^^^^^^^^^^^^^
2026-03-01 22:48:59:   File "/usr/lib/python3.12/socketserver.py", line 457, in __init__
2026-03-01 22:48:59:     self.server_bind()
2026-03-01 22:48:59:   File "/usr/lib/python3.12/http/server.py", line 136, in server_bind
2026-03-01 22:48:59:     socketserver.TCPServer.server_bind(self)
2026-03-01 22:48:59:   File "/usr/lib/python3.12/socketserver.py", line 473, in server_bind
2026-03-01 22:48:59:     self.socket.bind(self.server_address)
2026-03-01 22:48:59: OSError: [Errno 98] Address already in use
2026-03-01 22:49:01: Traceback (most recent call last):
2026-03-01 22:49:01:   File "/home/ubuntu/.openclaw/workspace/silhouette-brain/src/api/enhanced_memory_api.py", line 340, in <module>
2026-03-01 22:49:01:     
2026-03-01 22:49:01: run_api()
2026-03-01 22:49:01: 
2026-03-01 22:49:01:   File "/home/ubuntu/.openclaw/workspace/silhouette-brain/src/api/enhanced_memory_api.py", line 327, in run_api
2026-03-01 22:49:01:     
2026-03-01 22:49:01: server = ReuseAddressServer(('0.0.0.0', port), MemoryAPIHandler)
2026-03-01 22:49:01: 
2026-03-01 22:49:01:  
2026-03-01 22:49:01:  
2026-03-01 22:49:01:  
2026-03-01 22:49:01:  
2026-03-01 22:49:01:  
2026-03-01 22:49:01:  
2026-03-01 22:49:01:  
2026-03-01 22:49:01:  
2026-03-01 22:49:01:  
2026-03-01 22:49:01:  
2026-03-01 22:49:01:  
2026-03-01 22:49:01:  
2026-03-01 22:49:01:  
2026-03-01 22:49:01: ^
2026-03-01 22:49:01: ^^^^^^^^^^^^^^^^^^^^^^^^^^^^^^^^^^^^^^^^^^^^^^^^^^^^^^
2026-03-01 22:49:01:   File "/usr/lib/python3.12/socketserver.py", line 457, in __init__
2026-03-01 22:49:01:     self.server_bind()
2026-03-01 22:49:01:   File "/usr/lib/python3.12/http/server.py", line 136, in server_bind
2026-03-01 22:49:01:     socketserver.TCPServer.server_bind(self)
2026-03-01 22:49:01:   File "/usr/lib/python3.12/socketserver.py", line 473, in server_bind
2026-03-01 22:49:01:     self.socket.bind(self.server_address)
2026-03-01 22:49:01: OSError: [Errno 98] Address already in use
2026-03-01 22:49:03: Traceback (most recent call last):
2026-03-01 22:49:03:   File "/home/ubuntu/.openclaw/workspace/silhouette-brain/src/api/enhanced_memory_api.py", line 340, in <module>
2026-03-01 22:49:03:     run_api()
2026-03-01 22:49:03:   File "/home/ubuntu/.openclaw/workspace/silhouette-brain/src/api/enhanced_memory_api.py", line 327, in run_api
2026-03-01 22:49:03:     server = ReuseAddressServer(('0.0.0.0', port), MemoryAPIHandler)
2026-03-01 22:49:03:              ^^^^^^^^^^^^^^^^^^^^^^^^^^^^^^^^^^^^^^^^^^^^^^^^^^^^^^^
2026-03-01 22:49:03:   File "/usr/lib/python3.12/socketserver.py", line 457, in __init__
2026-03-01 22:49:03:     self.server_bind()
2026-03-01 22:49:03:   File "/usr/lib/python3.12/http/server.py", line 136, in server_bind
2026-03-01 22:49:03:     socketserver.TCPServer.server_bind(self)
2026-03-01 22:49:03:   File "/usr/lib/python3.12/socketserver.py", line 473, in server_bind
2026-03-01 22:49:03:     self.socket.bind(self.server_address)
2026-03-01 22:49:03: OSError: [Errno 98] Address already in use
2026-03-01 22:49:05: Traceback (most recent call last):
2026-03-01 22:49:05:   File "/home/ubuntu/.openclaw/workspace/silhouette-brain/src/api/enhanced_memory_api.py", line 340, in <module>
2026-03-01 22:49:05:     run_api()
2026-03-01 22:49:05:   File "/home/ubuntu/.openclaw/workspace/silhouette-brain/src/api/enhanced_memory_api.py", line 327, in run_api
2026-03-01 22:49:05:     server = ReuseAddressServer(('0.0.0.0', port), MemoryAPIHandler)
2026-03-01 22:49:05:              ^^^^^^^^^^^^^^^^^^^^^^^^^^^^^^^^^^^^^^^^^^^^^^^^^^^^^^^
2026-03-01 22:49:05:   File "/usr/lib/python3.12/socketserver.py", line 457, in __init__
2026-03-01 22:49:05:     self.server_bind()
2026-03-01 22:49:05:   File "/usr/lib/python3.12/http/server.py", line 136, in server_bind
2026-03-01 22:49:05:     socketserver.TCPServer.server_bind(self)
2026-03-01 22:49:05:   File "/usr/lib/python3.12/socketserver.py", line 473, in server_bind
2026-03-01 22:49:05:     self.socket.bind(self.server_address)
2026-03-01 22:49:05: OSError: [Errno 98] Address already in use
2026-03-01 22:49:07: Traceback (most recent call last):
2026-03-01 22:49:07:   File "/home/ubuntu/.openclaw/workspace/silhouette-brain/src/api/enhanced_memory_api.py", line 340, in <module>
2026-03-01 22:49:07:     run_api()
2026-03-01 22:49:07:   File "/home/ubuntu/.openclaw/workspace/silhouette-brain/src/api/enhanced_memory_api.py", line 327, in run_api
2026-03-01 22:49:07:     server = ReuseAddressServer(('0.0.0.0', port), MemoryAPIHandler)
2026-03-01 22:49:07:              ^^^^^^^^^^^^^^^^^^^^^^^^^^^^^^^^^^^^^^^^^^^^^^^^^^^^^^^
2026-03-01 22:49:07:   File "/usr/lib/python3.12/socketserver.py", line 457, in __init__
2026-03-01 22:49:07:     self.server_bind()
2026-03-01 22:49:07:   File "/usr/lib/python3.12/http/server.py", line 136, in server_bind
2026-03-01 22:49:07:     socketserver.TCPServer.server_bind(self)
2026-03-01 22:49:07:   File "/usr/lib/python3.12/socketserver.py", line 473, in server_bind
2026-03-01 22:49:07:     self.socket.bind(self.server_address)
2026-03-01 22:49:07: OSError: [Errno 98] Address already in use
2026-03-01 22:49:09: Traceback (most recent call last):
2026-03-01 22:49:09:   File "/home/ubuntu/.openclaw/workspace/silhouette-brain/src/api/enhanced_memory_api.py", line 340, in <module>
2026-03-01 22:49:09:     run_api()
2026-03-01 22:49:09:   File "/home/ubuntu/.openclaw/workspace/silhouette-brain/src/api/enhanced_memory_api.py", line 327, in run_api
2026-03-01 22:49:09:     server = ReuseAddressServer(('0.0.0.0', port), MemoryAPIHandler)
2026-03-01 22:49:09:              ^^^^^^^^^^^^^^^^^^^^^^^^^^^^^^^^^^^^^^^^^^^^^^^^^^^^^^^
2026-03-01 22:49:09:   File "/usr/lib/python3.12/socketserver.py", line 457, in __init__
2026-03-01 22:49:09:     self.server_bind()
2026-03-01 22:49:09:   File "/usr/lib/python3.12/http/server.py", line 136, in server_bind
2026-03-01 22:49:09:     socketserver.TCPServer.server_bind(self)
2026-03-01 22:49:09:   File "/usr/lib/python3.12/socketserver.py", line 473, in server_bind
2026-03-01 22:49:09:     self.socket.bind(self.server_address)
2026-03-01 22:49:09: OSError: [Errno 98] Address already in use
2026-03-01 22:49:11: Traceback (most recent call last):
2026-03-01 22:49:11:   File "/home/ubuntu/.openclaw/workspace/silhouette-brain/src/api/enhanced_memory_api.py", line 340, in <module>
2026-03-01 22:49:11:     run_api()
2026-03-01 22:49:11:   File "/home/ubuntu/.openclaw/workspace/silhouette-brain/src/api/enhanced_memory_api.py", line 327, in run_api
2026-03-01 22:49:11:     server = ReuseAddressServer(('0.0.0.0', port), MemoryAPIHandler)
2026-03-01 22:49:11:              ^^^^^^^^^^^^^^^^^^^^^^^^^^^^^^^^^^^^^^^^^^^^^^^^^^^^^^^
2026-03-01 22:49:11:   File "/usr/lib/python3.12/socketserver.py", line 457, in __init__
2026-03-01 22:49:11:     self.server_bind()
2026-03-01 22:49:11:   File "/usr/lib/python3.12/http/server.py", line 136, in server_bind
2026-03-01 22:49:11:     socketserver.TCPServer.server_bind(self)
2026-03-01 22:49:11:   File "/usr/lib/python3.12/socketserver.py", line 473, in server_bind
2026-03-01 22:49:11:     self.socket.bind(self.server_address)
2026-03-01 22:49:11: OSError: [Errno 98] Address already in use
2026-03-01 22:49:13: Traceback (most recent call last):
2026-03-01 22:49:13:   File "/home/ubuntu/.openclaw/workspace/silhouette-brain/src/api/enhanced_memory_api.py", line 340, in <module>
2026-03-01 22:49:13:     run_api()
2026-03-01 22:49:13:   File "/home/ubuntu/.openclaw/workspace/silhouette-brain/src/api/enhanced_memory_api.py", line 327, in run_api
2026-03-01 22:49:13:     server = ReuseAddressServer(('0.0.0.0', port), MemoryAPIHandler)
2026-03-01 22:49:13:              ^^^^^^^^^^^^^^^^^^^^^^^^^^^^^^^^^^^^^^^^^^^^^^^^^^^^^^^
2026-03-01 22:49:13:   File "/usr/lib/python3.12/socketserver.py", line 457, in __init__
2026-03-01 22:49:13:     self.server_bind()
2026-03-01 22:49:13:   File "/usr/lib/python3.12/http/server.py", line 136, in server_bind
2026-03-01 22:49:13:     socketserver.TCPServer.server_bind(self)
2026-03-01 22:49:13:   File "/usr/lib/python3.12/socketserver.py", line 473, in server_bind
2026-03-01 22:49:13:     self.socket.bind(self.server_address)
2026-03-01 22:49:13: OSError: [Errno 98] Address already in use
2026-03-01 22:49:16: Traceback (most recent call last):
2026-03-01 22:49:16:   File "/home/ubuntu/.openclaw/workspace/silhouette-brain/src/api/enhanced_memory_api.py", line 340, in <module>
2026-03-01 22:49:16:     run_api()
2026-03-01 22:49:16:   File "/home/ubuntu/.openclaw/workspace/silhouette-brain/src/api/enhanced_memory_api.py", line 327, in run_api
2026-03-01 22:49:16:     server = ReuseAddressServer(('0.0.0.0', port), MemoryAPIHandler)
2026-03-01 22:49:16:              ^^^^^^^^^^^^^^^^^^^^^^^^^^^^^^^^^^^^^^^^^^^^^^^^^^^^^^^
2026-03-01 22:49:16:   File "/usr/lib/python3.12/socketserver.py", line 457, in __init__
2026-03-01 22:49:16:     self.server_bind()
2026-03-01 22:49:16:   File "/usr/lib/python3.12/http/server.py", line 136, in server_bind
2026-03-01 22:49:16:     socketserver.TCPServer.server_bind(self)
2026-03-01 22:49:16:   File "/usr/lib/python3.12/socketserver.py", line 473, in server_bind
2026-03-01 22:49:16:     self.socket.bind(self.server_address)
2026-03-01 22:49:16: OSError: [Errno 98] Address already in use
2026-03-01 22:49:18: Traceback (most recent call last):
2026-03-01 22:49:18:   File "/home/ubuntu/.openclaw/workspace/silhouette-brain/src/api/enhanced_memory_api.py", line 340, in <module>
2026-03-01 22:49:18:     run_api()
2026-03-01 22:49:18:   File "/home/ubuntu/.openclaw/workspace/silhouette-brain/src/api/enhanced_memory_api.py", line 327, in run_api
2026-03-01 22:49:18:     server = ReuseAddressServer(('0.0.0.0', port), MemoryAPIHandler)
2026-03-01 22:49:18:              ^^^^^^^^^^^^^^^^^^^^^^^^^^^^^^^^^^^^^^^^^^^^^^^^^^^^^^^
2026-03-01 22:49:18:   File "/usr/lib/python3.12/socketserver.py", line 457, in __init__
2026-03-01 22:49:18:     self.server_bind()
2026-03-01 22:49:18:   File "/usr/lib/python3.12/http/server.py", line 136, in server_bind
2026-03-01 22:49:18:     socketserver.TCPServer.server_bind(self)
2026-03-01 22:49:18:   File "/usr/lib/python3.12/socketserver.py", line 473, in server_bind
2026-03-01 22:49:18:     self.socket.bind(self.server_address)
2026-03-01 22:49:18: OSError: [Errno 98] Address already in use
2026-03-01 22:49:20: Traceback (most recent call last):
2026-03-01 22:49:20:   File "/home/ubuntu/.openclaw/workspace/silhouette-brain/src/api/enhanced_memory_api.py", line 340, in <module>
2026-03-01 22:49:20:     run_api()
2026-03-01 22:49:20:   File "/home/ubuntu/.openclaw/workspace/silhouette-brain/src/api/enhanced_memory_api.py", line 327, in run_api
2026-03-01 22:49:20:     server = ReuseAddressServer(('0.0.0.0', port), MemoryAPIHandler)
2026-03-01 22:49:20:              ^^^^^^^^^^^^^^^^^^^^^^^^^^^^^^^^^^^^^^^^^^^^^^^^^^^^^^^
2026-03-01 22:49:20:   File "/usr/lib/python3.12/socketserver.py", line 457, in __init__
2026-03-01 22:49:20:     self.server_bind()
2026-03-01 22:49:20:   File "/usr/lib/python3.12/http/server.py", line 136, in server_bind
2026-03-01 22:49:20:     socketserver.TCPServer.server_bind(self)
2026-03-01 22:49:20:   File "/usr/lib/python3.12/socketserver.py", line 473, in server_bind
2026-03-01 22:49:20:     self.socket.bind(self.server_address)
2026-03-01 22:49:20: OSError: [Errno 98] Address already in use
2026-03-01 22:49:22: Traceback (most recent call last):
2026-03-01 22:49:22:   File "/home/ubuntu/.openclaw/workspace/silhouette-brain/src/api/enhanced_memory_api.py", line 340, in <module>
2026-03-01 22:49:22:     run_api()
2026-03-01 22:49:22:   File "/home/ubuntu/.openclaw/workspace/silhouette-brain/src/api/enhanced_memory_api.py", line 327, in run_api
2026-03-01 22:49:22:     server = ReuseAddressServer(('0.0.0.0', port), MemoryAPIHandler)
2026-03-01 22:49:22:              ^^^^^^^^^^^^^^^^^^^^^^^^^^^^^^^^^^^^^^^^^^^^^^^^^^^^^^^
2026-03-01 22:49:22:   File "/usr/lib/python3.12/socketserver.py", line 457, in __init__
2026-03-01 22:49:22:     self.server_bind()
2026-03-01 22:49:22:   File "/usr/lib/python3.12/http/server.py", line 136, in server_bind
2026-03-01 22:49:22:     socketserver.TCPServer.server_bind(self)
2026-03-01 22:49:22:   File "/usr/lib/python3.12/socketserver.py", line 473, in server_bind
2026-03-01 22:49:22:     self.socket.bind(self.server_address)
2026-03-01 22:49:22: OSError: [Errno 98] Address already in use
2026-03-01 22:49:24: Traceback (most recent call last):
2026-03-01 22:49:24:   File "/home/ubuntu/.openclaw/workspace/silhouette-brain/src/api/enhanced_memory_api.py", line 340, in <module>
2026-03-01 22:49:24:     run_api()
2026-03-01 22:49:24:   File "/home/ubuntu/.openclaw/workspace/silhouette-brain/src/api/enhanced_memory_api.py", line 327, in run_api
2026-03-01 22:49:24:     server = ReuseAddressServer(('0.0.0.0', port), MemoryAPIHandler)
2026-03-01 22:49:24:              ^^^^^^^^^^^^^^^^^^^^^^^^^^^^^^^^^^^^^^^^^^^^^^^^^^^^^^^
2026-03-01 22:49:24:   File "/usr/lib/python3.12/socketserver.py", line 457, in __init__
2026-03-01 22:49:24:     self.server_bind()
2026-03-01 22:49:24:   File "/usr/lib/python3.12/http/server.py", line 136, in server_bind
2026-03-01 22:49:24:     socketserver.TCPServer.server_bind(self)
2026-03-01 22:49:24:   File "/usr/lib/python3.12/socketserver.py", line 473, in server_bind
2026-03-01 22:49:24:     self.socket.bind(self.server_address)
2026-03-01 22:49:24: OSError: [Errno 98] Address already in use
2026-03-01 22:49:26: Traceback (most recent call last):
2026-03-01 22:49:26:   File "/home/ubuntu/.openclaw/workspace/silhouette-brain/src/api/enhanced_memory_api.py", line 340, in <module>
2026-03-01 22:49:26:     run_api()
2026-03-01 22:49:26:   File "/home/ubuntu/.openclaw/workspace/silhouette-brain/src/api/enhanced_memory_api.py", line 327, in run_api
2026-03-01 22:49:26:     server = ReuseAddressServer(('0.0.0.0', port), MemoryAPIHandler)
2026-03-01 22:49:26:              ^^^^^^^^^^^^^^^^^^^^^^^^^^^^^^^^^^^^^^^^^^^^^^^^^^^^^^^
2026-03-01 22:49:26:   File "/usr/lib/python3.12/socketserver.py", line 457, in __init__
2026-03-01 22:49:26:     self.server_bind()
2026-03-01 22:49:26:   File "/usr/lib/python3.12/http/server.py", line 136, in server_bind
2026-03-01 22:49:26:     socketserver.TCPServer.server_bind(self)
2026-03-01 22:49:26:   File "/usr/lib/python3.12/socketserver.py", line 473, in server_bind
2026-03-01 22:49:26:     self.socket.bind(self.server_address)
2026-03-01 22:49:26: OSError: [Errno 98] Address already in use
2026-03-01 22:49:28: Traceback (most recent call last):
2026-03-01 22:49:28:   File "/home/ubuntu/.openclaw/workspace/silhouette-brain/src/api/enhanced_memory_api.py", line 340, in <module>
2026-03-01 22:49:28:     run_api()
2026-03-01 22:49:28:   File "/home/ubuntu/.openclaw/workspace/silhouette-brain/src/api/enhanced_memory_api.py", line 327, in run_api
2026-03-01 22:49:28:     server = ReuseAddressServer(('0.0.0.0', port), MemoryAPIHandler)
2026-03-01 22:49:28:              ^^^^^^^^^^^^^^^^^^^^^^^^^^^^^^^^^^^^^^^^^^^^^^^^^^^^^^^
2026-03-01 22:49:28:   File "/usr/lib/python3.12/socketserver.py", line 457, in __init__
2026-03-01 22:49:28:     self.server_bind()
2026-03-01 22:49:28:   File "/usr/lib/python3.12/http/server.py", line 136, in server_bind
2026-03-01 22:49:28:     socketserver.TCPServer.server_bind(self)
2026-03-01 22:49:28:   File "/usr/lib/python3.12/socketserver.py", line 473, in server_bind
2026-03-01 22:49:28:     self.socket.bind(self.server_address)
2026-03-01 22:49:28: OSError: [Errno 98] Address already in use
2026-03-01 22:49:30: Traceback (most recent call last):
2026-03-01 22:49:30:   File "/home/ubuntu/.openclaw/workspace/silhouette-brain/src/api/enhanced_memory_api.py", line 340, in <module>
2026-03-01 22:49:30:     run_api()
2026-03-01 22:49:30:   File "/home/ubuntu/.openclaw/workspace/silhouette-brain/src/api/enhanced_memory_api.py", line 327, in run_api
2026-03-01 22:49:30:     server = ReuseAddressServer(('0.0.0.0', port), MemoryAPIHandler)
2026-03-01 22:49:30:              ^^^^^^^^^^^^^^^^^^^^^^^^^^^^^^^^^^^^^^^^^^^^^^^^^^^^^^^
2026-03-01 22:49:30:   File "/usr/lib/python3.12/socketserver.py", line 457, in __init__
2026-03-01 22:49:30:     self.server_bind()
2026-03-01 22:49:30:   File "/usr/lib/python3.12/http/server.py", line 136, in server_bind
2026-03-01 22:49:30:     socketserver.TCPServer.server_bind(self)
2026-03-01 22:49:30:   File "/usr/lib/python3.12/socketserver.py", line 473, in server_bind
2026-03-01 22:49:30:     self.socket.bind(self.server_address)
2026-03-01 22:49:30: OSError: [Errno 98] Address already in use
2026-03-01 22:49:32: Traceback (most recent call last):
2026-03-01 22:49:32:   File "/home/ubuntu/.openclaw/workspace/silhouette-brain/src/api/enhanced_memory_api.py", line 340, in <module>
2026-03-01 22:49:32:     run_api()
2026-03-01 22:49:32:   File "/home/ubuntu/.openclaw/workspace/silhouette-brain/src/api/enhanced_memory_api.py", line 327, in run_api
2026-03-01 22:49:32:     server = ReuseAddressServer(('0.0.0.0', port), MemoryAPIHandler)
2026-03-01 22:49:32: ^^^
2026-03-01 22:49:32:   File "/usr/lib/python3.12/socketserver.py", line 457, in __init__
2026-03-01 22:49:32:     self.server_bind()
2026-03-01 22:49:32:   File "/usr/lib/python3.12/http/server.py", line 136, in server_bind
2026-03-01 22:49:32:     socketserver.TCPServer.server_bind(self)
2026-03-01 22:49:32:   File "/usr/lib/python3.12/socketserver.py", line 473, in server_bind
2026-03-01 22:49:32:     self.socket.bind(self.server_address)
2026-03-01 22:49:32: OSError: [Errno 98] Address already in use
2026-03-01 22:49:35: Traceback (most recent call last):
2026-03-01 22:49:35:   File "/home/ubuntu/.openclaw/workspace/silhouette-brain/src/api/enhanced_memory_api.py", line 340, in <module>
2026-03-01 22:49:35:     run_api()
2026-03-01 22:49:35:   File "/home/ubuntu/.openclaw/workspace/silhouette-brain/src/api/enhanced_memory_api.py", line 327, in run_api
2026-03-01 22:49:35:     server = ReuseAddressServer(('0.0.0.0', port), MemoryAPIHandler)
2026-03-01 22:49:35:              ^^^^^^^^^^^^^^^^^^^^^^^^^^^^^^^^^^^^^^^^^^^^^^^^^^^^^^^
2026-03-01 22:49:35:   File "/usr/lib/python3.12/socketserver.py", line 457, in __init__
2026-03-01 22:49:35:     self.server_bind()
2026-03-01 22:49:35:   File "/usr/lib/python3.12/http/server.py", line 136, in server_bind
2026-03-01 22:49:35:     socketserver.TCPServer.server_bind(self)
2026-03-01 22:49:35:   File "/usr/lib/python3.12/socketserver.py", line 473, in server_bind
2026-03-01 22:49:35:     self.socket.bind(self.server_address)
2026-03-01 22:49:35: OSError: [Errno 98] Address already in use
2026-03-01 22:49:37: Traceback (most recent call last):
2026-03-01 22:49:37:   File "/home/ubuntu/.openclaw/workspace/silhouette-brain/src/api/enhanced_memory_api.py", line 340, in <module>
2026-03-01 22:49:37:     run_api()
2026-03-01 22:49:37:   File "/home/ubuntu/.openclaw/workspace/silhouette-brain/src/api/enhanced_memory_api.py", line 327, in run_api
2026-03-01 22:49:37:     server = ReuseAddressServer(('0.0.0.0', port), MemoryAPIHandler)
2026-03-01 22:49:37:              ^^^^^^^^^^^^^^^^^^^^^^^^^^^^^^^^^^^^^^^^^^^^^^^^^^^^^^^
2026-03-01 22:49:37:   File "/usr/lib/python3.12/socketserver.py", line 457, in __init__
2026-03-01 22:49:37:     self.server_bind()
2026-03-01 22:49:37:   File "/usr/lib/python3.12/http/server.py", line 136, in server_bind
2026-03-01 22:49:37:     socketserver.TCPServer.server_bind(self)
2026-03-01 22:49:37:   File "/usr/lib/python3.12/socketserver.py", line 473, in server_bind
2026-03-01 22:49:37:     self.socket.bind(self.server_address)
2026-03-01 22:49:37: OSError: [Errno 98] Address already in use
2026-03-01 22:49:39: Traceback (most recent call last):
2026-03-01 22:49:39:   File "/home/ubuntu/.openclaw/workspace/silhouette-brain/src/api/enhanced_memory_api.py", line 340, in <module>
2026-03-01 22:49:39:     run_api()
2026-03-01 22:49:39:   File "/home/ubuntu/.openclaw/workspace/silhouette-brain/src/api/enhanced_memory_api.py", line 327, in run_api
2026-03-01 22:49:39:     server = ReuseAddressServer(('0.0.0.0', port), MemoryAPIHandler)
2026-03-01 22:49:39:              ^^^^^^^^^^^^^^^^^^^^^^^^^^^^^^^^^^^^^^^^^^^^^^^^^^^^^^^
2026-03-01 22:49:39:   File "/usr/lib/python3.12/socketserver.py", line 457, in __init__
2026-03-01 22:49:39:     self.server_bind()
2026-03-01 22:49:39:   File "/usr/lib/python3.12/http/server.py", line 136, in server_bind
2026-03-01 22:49:39:     socketserver.TCPServer.server_bind(self)
2026-03-01 22:49:39:   File "/usr/lib/python3.12/socketserver.py", line 473, in server_bind
2026-03-01 22:49:39:     self.socket.bind(self.server_address)
2026-03-01 22:49:39: OSError: [Errno 98] Address already in use
2026-03-01 22:49:41: Traceback (most recent call last):
2026-03-01 22:49:41:   File "/home/ubuntu/.openclaw/workspace/silhouette-brain/src/api/enhanced_memory_api.py", line 340, in <module>
2026-03-01 22:49:41:     run_api()
2026-03-01 22:49:41:   File "/home/ubuntu/.openclaw/workspace/silhouette-brain/src/api/enhanced_memory_api.py", line 327, in run_api
2026-03-01 22:49:41:     server = ReuseAddressServer(('0.0.0.0', port), MemoryAPIHandler)
2026-03-01 22:49:41:              ^^^^^^^^^^^^^^^^^^^^^^^^^^^^^^^^^^^^^^^^^^^^^^^^^^^^^^^
2026-03-01 22:49:41:   File "/usr/lib/python3.12/socketserver.py", line 457, in __init__
2026-03-01 22:49:41:     self.server_bind()
2026-03-01 22:49:41:   File "/usr/lib/python3.12/http/server.py", line 136, in server_bind
2026-03-01 22:49:41:     socketserver.TCPServer.server_bind(self)
2026-03-01 22:49:41:   File "/usr/lib/python3.12/socketserver.py", line 473, in server_bind
2026-03-01 22:49:41:     self.socket.bind(self.server_address)
2026-03-01 22:49:41: OSError: [Errno 98] Address already in use
2026-03-01 22:49:43: Traceback (most recent call last):
2026-03-01 22:49:43:   File "/home/ubuntu/.openclaw/workspace/silhouette-brain/src/api/enhanced_memory_api.py", line 340, in <module>
2026-03-01 22:49:43:     run_api()
2026-03-01 22:49:43:   File "/home/ubuntu/.openclaw/workspace/silhouette-brain/src/api/enhanced_memory_api.py", line 327, in run_api
2026-03-01 22:49:43:     server = ReuseAddressServer(('0.0.0.0', port), MemoryAPIHandler)
2026-03-01 22:49:43:              ^^^^^^^^^^^^^^^^^^^^^^^^^^^^^^^^^^^^^^^^^^^^^^^^^^^^^^^
2026-03-01 22:49:43:   File "/usr/lib/python3.12/socketserver.py", line 457, in __init__
2026-03-01 22:49:43:     self.server_bind()
2026-03-01 22:49:43:   File "/usr/lib/python3.12/http/server.py", line 136, in server_bind
2026-03-01 22:49:43:     socketserver.TCPServer.server_bind(self)
2026-03-01 22:49:43:   File "/usr/lib/python3.12/socketserver.py", line 473, in server_bind
2026-03-01 22:49:43:     self.socket.bind(self.server_address)
2026-03-01 22:49:43: OSError: [Errno 98] Address already in use
2026-03-01 22:49:45: Traceback (most recent call last):
2026-03-01 22:49:45:   File "/home/ubuntu/.openclaw/workspace/silhouette-brain/src/api/enhanced_memory_api.py", line 340, in <module>
2026-03-01 22:49:45:     run_api()
2026-03-01 22:49:45:   File "/home/ubuntu/.openclaw/workspace/silhouette-brain/src/api/enhanced_memory_api.py", line 327, in run_api
2026-03-01 22:49:45:     server = ReuseAddressServer(('0.0.0.0', port), MemoryAPIHandler)
2026-03-01 22:49:45:              ^^^^^^^^^^^^^^^^^^^^^^^^^^^^^^^^^^^^^^^^^^^^^^^^^^^^^^^
2026-03-01 22:49:45:   File "/usr/lib/python3.12/socketserver.py", line 457, in __init__
2026-03-01 22:49:45:     self.server_bind()
2026-03-01 22:49:45:   File "/usr/lib/python3.12/http/server.py", line 136, in server_bind
2026-03-01 22:49:45:     socketserver.TCPServer.server_bind(self)
2026-03-01 22:49:45:   File "/usr/lib/python3.12/socketserver.py", line 473, in server_bind
2026-03-01 22:49:45:     self.socket.bind(self.server_address)
2026-03-01 22:49:45: OSError: [Errno 98] Address already in use
2026-03-01 22:49:47: Traceback (most recent call last):
2026-03-01 22:49:47:   File "/home/ubuntu/.openclaw/workspace/silhouette-brain/src/api/enhanced_memory_api.py", line 340, in <module>
2026-03-01 22:49:47:     run_api()
2026-03-01 22:49:47:   File "/home/ubuntu/.openclaw/workspace/silhouette-brain/src/api/enhanced_memory_api.py", line 327, in run_api
2026-03-01 22:49:47:     server = ReuseAddressServer(('0.0.0.0', port), MemoryAPIHandler)
2026-03-01 22:49:47:              ^^^^^^^^^^^^^^^^^^^^^^^^^^^^^^^^^^^^^^^^^^^^^^^^^^^^^^^
2026-03-01 22:49:47:   File "/usr/lib/python3.12/socketserver.py", line 457, in __init__
2026-03-01 22:49:47:     self.server_bind()
2026-03-01 22:49:47:   File "/usr/lib/python3.12/http/server.py", line 136, in server_bind
2026-03-01 22:49:47:     socketserver.TCPServer.server_bind(self)
2026-03-01 22:49:47:   File "/usr/lib/python3.12/socketserver.py", line 473, in server_bind
2026-03-01 22:49:47:     self.socket.bind(self.server_address)
2026-03-01 22:49:47: OSError: [Errno 98] Address already in use
2026-03-01 22:49:49: Traceback (most recent call last):
2026-03-01 22:49:49:   File "/home/ubuntu/.openclaw/workspace/silhouette-brain/src/api/enhanced_memory_api.py", line 340, in <module>
2026-03-01 22:49:49:     run_api()
2026-03-01 22:49:49:   File "/home/ubuntu/.openclaw/workspace/silhouette-brain/src/api/enhanced_memory_api.py", line 327, in run_api
2026-03-01 22:49:49:     server = ReuseAddressServer(('0.0.0.0', port), MemoryAPIHandler)
2026-03-01 22:49:49:              ^^^^^^^^^^^^^^^^^^^^^^^^^^^^^^^^^^^^^^^^^^^^^^^^^^^^^^^
2026-03-01 22:49:49:   File "/usr/lib/python3.12/socketserver.py", line 457, in __init__
2026-03-01 22:49:49:     self.server_bind()
2026-03-01 22:49:49:   File "/usr/lib/python3.12/http/server.py", line 136, in server_bind
2026-03-01 22:49:49:     socketserver.TCPServer.server_bind(self)
2026-03-01 22:49:49:   File "/usr/lib/python3.12/socketserver.py", line 473, in server_bind
2026-03-01 22:49:49:     self.socket.bind(self.server_address)
2026-03-01 22:49:49: OSError: [Errno 98] Address already in use
2026-03-01 22:49:51: Traceback (most recent call last):
2026-03-01 22:49:51:   File "/home/ubuntu/.openclaw/workspace/silhouette-brain/src/api/enhanced_memory_api.py", line 340, in <module>
2026-03-01 22:49:51:     run_api()
2026-03-01 22:49:51:   File "/home/ubuntu/.openclaw/workspace/silhouette-brain/src/api/enhanced_memory_api.py", line 327, in run_api
2026-03-01 22:49:51:     server = ReuseAddressServer(('0.0.0.0', port), MemoryAPIHandler)
2026-03-01 22:49:51:              ^^^^^^^^^^^^^^^^^^^^^^^^^^^^^^^^^^^^^^^^^^^^^^^^^^^^^^^
2026-03-01 22:49:51:   File "/usr/lib/python3.12/socketserver.py", line 457, in __init__
2026-03-01 22:49:51:     self.server_bind()
2026-03-01 22:49:51:   File "/usr/lib/python3.12/http/server.py", line 136, in server_bind
2026-03-01 22:49:51:     socketserver.TCPServer.server_bind(self)
2026-03-01 22:49:51:   File "/usr/lib/python3.12/socketserver.py", line 473, in server_bind
2026-03-01 22:49:51:     self.socket.bind(self.server_address)
2026-03-01 22:49:51: OSError: [Errno 98] Address already in use
2026-03-01 22:49:54: Traceback (most recent call last):
2026-03-01 22:49:54:   File "/home/ubuntu/.openclaw/workspace/silhouette-brain/src/api/enhanced_memory_api.py", line 340, in <module>
2026-03-01 22:49:54:     run_api()
2026-03-01 22:49:54:   File "/home/ubuntu/.openclaw/workspace/silhouette-brain/src/api/enhanced_memory_api.py", line 327, in run_api
2026-03-01 22:49:54:     server = ReuseAddressServer(('0.0.0.0', port), MemoryAPIHandler)
2026-03-01 22:49:54:              ^^^^^^^^^^^^^^^^^^^^^^^^^^^^^^^^^^^^^^^^^^^^^^^^^^^^^^^
2026-03-01 22:49:54:   File "/usr/lib/python3.12/socketserver.py", line 457, in __init__
2026-03-01 22:49:54:     self.server_bind()
2026-03-01 22:49:54:   File "/usr/lib/python3.12/http/server.py", line 136, in server_bind
2026-03-01 22:49:54:     socketserver.TCPServer.server_bind(self)
2026-03-01 22:49:54:   File "/usr/lib/python3.12/socketserver.py", line 473, in server_bind
2026-03-01 22:49:54:     self.socket.bind(self.server_address)
2026-03-01 22:49:54: OSError: [Errno 98] Address already in use
2026-03-01 22:49:56: Traceback (most recent call last):
2026-03-01 22:49:56:   File "/home/ubuntu/.openclaw/workspace/silhouette-brain/src/api/enhanced_memory_api.py", line 340, in <module>
2026-03-01 22:49:56:     run_api()
2026-03-01 22:49:56:   File "/home/ubuntu/.openclaw/workspace/silhouette-brain/src/api/enhanced_memory_api.py", line 327, in run_api
2026-03-01 22:49:56:     server = ReuseAddressServer(('0.0.0.0', port), MemoryAPIHandler)
2026-03-01 22:49:56:              ^^^^^^^^^^^^^^^^^^^^^^^^^^^^^^^^^^^^^^^^^^^^^^^^^^^^^^^
2026-03-01 22:49:56:   File "/usr/lib/python3.12/socketserver.py", line 457, in __init__
2026-03-01 22:49:56:     self.server_bind()
2026-03-01 22:49:56:   File "/usr/lib/python3.12/http/server.py", line 136, in server_bind
2026-03-01 22:49:56:     socketserver.TCPServer.server_bind(self)
2026-03-01 22:49:56:   File "/usr/lib/python3.12/socketserver.py", line 473, in server_bind
2026-03-01 22:49:56:     self.socket.bind(self.server_address)
2026-03-01 22:49:56: OSError: [Errno 98] Address already in use
2026-03-01 22:49:58: Traceback (most recent call last):
2026-03-01 22:49:58:   File "/home/ubuntu/.openclaw/workspace/silhouette-brain/src/api/enhanced_memory_api.py", line 340, in <module>
2026-03-01 22:49:58:     run_api()
2026-03-01 22:49:58:   File "/home/ubuntu/.openclaw/workspace/silhouette-brain/src/api/enhanced_memory_api.py", line 327, in run_api
2026-03-01 22:49:58:     server = ReuseAddressServer(('0.0.0.0', port), MemoryAPIHandler)
2026-03-01 22:49:58:              ^^^^^^^^^^^^^^^^^^^^^^^^^^^^^^^^^^^^^^^^^^^^^^^^^^^^^^^
2026-03-01 22:49:58:   File "/usr/lib/python3.12/socketserver.py", line 457, in __init__
2026-03-01 22:49:58:     self.server_bind()
2026-03-01 22:49:58:   File "/usr/lib/python3.12/http/server.py", line 136, in server_bind
2026-03-01 22:49:58:     socketserver.TCPServer.server_bind(self)
2026-03-01 22:49:58:   File "/usr/lib/python3.12/socketserver.py", line 473, in server_bind
2026-03-01 22:49:58:     self.socket.bind(self.server_address)
2026-03-01 22:49:58: OSError: [Errno 98] Address already in use
2026-03-01 22:50:00: Traceback (most recent call last):
2026-03-01 22:50:00:   File "/home/ubuntu/.openclaw/workspace/silhouette-brain/src/api/enhanced_memory_api.py", line 340, in <module>
2026-03-01 22:50:00:     run_api()
2026-03-01 22:50:00:   File "/home/ubuntu/.openclaw/workspace/silhouette-brain/src/api/enhanced_memory_api.py", line 327, in run_api
2026-03-01 22:50:00:     server = ReuseAddressServer(('0.0.0.0', port), MemoryAPIHandler)
2026-03-01 22:50:00:              ^^^^^^^^^^^^^^^^^^^^^^^^^^^^^^^^^^^^^^^^^^^^^^^^^^^^^^^
2026-03-01 22:50:00:   File "/usr/lib/python3.12/socketserver.py", line 457, in __init__
2026-03-01 22:50:00:     self.server_bind()
2026-03-01 22:50:00:   File "/usr/lib/python3.12/http/server.py", line 136, in server_bind
2026-03-01 22:50:00:     socketserver.TCPServer.server_bind(self)
2026-03-01 22:50:00:   File "/usr/lib/python3.12/socketserver.py", line 473, in server_bind
2026-03-01 22:50:00:     self.socket.bind(self.server_address)
2026-03-01 22:50:00: OSError: [Errno 98] Address already in use
2026-03-01 22:50:02: Traceback (most recent call last):
2026-03-01 22:50:02:   File "/home/ubuntu/.openclaw/workspace/silhouette-brain/src/api/enhanced_memory_api.py", line 340, in <module>
2026-03-01 22:50:02:     run_api()
2026-03-01 22:50:02:   File "/home/ubuntu/.openclaw/workspace/silhouette-brain/src/api/enhanced_memory_api.py", line 327, in run_api
2026-03-01 22:50:02:     server = ReuseAddressServer(('0.0.0.0', port), MemoryAPIHandler)
2026-03-01 22:50:02:              ^^^^^^^^^^^^^^^^^^^^^^^^^^^^^^^^^^^^^^^^^^^^^^^^^^^^^^^
2026-03-01 22:50:02:   File "/usr/lib/python3.12/socketserver.py", line 457, in __init__
2026-03-01 22:50:02:     self.server_bind()
2026-03-01 22:50:02:   File "/usr/lib/python3.12/http/server.py", line 136, in server_bind
2026-03-01 22:50:02:     socketserver.TCPServer.server_bind(self)
2026-03-01 22:50:02:   File "/usr/lib/python3.12/socketserver.py", line 473, in server_bind
2026-03-01 22:50:02:     self.socket.bind(self.server_address)
2026-03-01 22:50:02: OSError: [Errno 98] Address already in use
2026-03-01 22:50:04: Traceback (most recent call last):
2026-03-01 22:50:04:   File "/home/ubuntu/.openclaw/workspace/silhouette-brain/src/api/enhanced_memory_api.py", line 340, in <module>
2026-03-01 22:50:04:     run_api()
2026-03-01 22:50:04:   File "/home/ubuntu/.openclaw/workspace/silhouette-brain/src/api/enhanced_memory_api.py", line 327, in run_api
2026-03-01 22:50:04:     server = ReuseAddressServer(('0.0.0.0', port), MemoryAPIHandler)
2026-03-01 22:50:04:              ^^^^^^^^^^^^^^^^^^^^^^^^^^^^^^^^^^^^^^^^^^^^^^^^^^^^^^^
2026-03-01 22:50:04:   File "/usr/lib/python3.12/socketserver.py", line 457, in __init__
2026-03-01 22:50:04:     self.server_bind()
2026-03-01 22:50:04:   File "/usr/lib/python3.12/http/server.py", line 136, in server_bind
2026-03-01 22:50:04:     socketserver.TCPServer.server_bind(self)
2026-03-01 22:50:04:   File "/usr/lib/python3.12/socketserver.py", line 473, in server_bind
2026-03-01 22:50:04:     self.socket.bind(self.server_address)
2026-03-01 22:50:04: OSError: [Errno 98] Address already in use
2026-03-01 22:50:06: Traceback (most recent call last):
2026-03-01 22:50:06:   File "/home/ubuntu/.openclaw/workspace/silhouette-brain/src/api/enhanced_memory_api.py", line 340, in <module>
2026-03-01 22:50:06:     run_api()
2026-03-01 22:50:06:   File "/home/ubuntu/.openclaw/workspace/silhouette-brain/src/api/enhanced_memory_api.py", line 327, in run_api
2026-03-01 22:50:06:     server = ReuseAddressServer(('0.0.0.0', port), MemoryAPIHandler)
2026-03-01 22:50:06:              ^^^^^^^^^^^^^^^^^^^^^^^^^^^^^^^^^^^^^^^^^^^^^^^^^^^^^^^
2026-03-01 22:50:06:   File "/usr/lib/python3.12/socketserver.py", line 457, in __init__
2026-03-01 22:50:06:     self.server_bind()
2026-03-01 22:50:06:   File "/usr/lib/python3.12/http/server.py", line 136, in server_bind
2026-03-01 22:50:06:     socketserver.TCPServer.server_bind(self)
2026-03-01 22:50:06:   File "/usr/lib/python3.12/socketserver.py", line 473, in server_bind
2026-03-01 22:50:06:     self.socket.bind(self.server_address)
2026-03-01 22:50:06: OSError: [Errno 98] Address already in use
2026-03-01 22:50:08: Traceback (most recent call last):
2026-03-01 22:50:08:   File "/home/ubuntu/.openclaw/workspace/silhouette-brain/src/api/enhanced_memory_api.py", line 340, in <module>
2026-03-01 22:50:08:     run_api()
2026-03-01 22:50:08:   File "/home/ubuntu/.openclaw/workspace/silhouette-brain/src/api/enhanced_memory_api.py", line 327, in run_api
2026-03-01 22:50:08:     server = ReuseAddressServer(('0.0.0.0', port), MemoryAPIHandler)
2026-03-01 22:50:08:              ^^^^^^^^^^^^^^^^^^^^^^^^^^^^^^^^^^^^^^^^^^^^^^^^^^^^^^^
2026-03-01 22:50:08:   File "/usr/lib/python3.12/socketserver.py", line 457, in __init__
2026-03-01 22:50:08:     self.server_bind()
2026-03-01 22:50:08:   File "/usr/lib/python3.12/http/server.py", line 136, in server_bind
2026-03-01 22:50:08:     socketserver.TCPServer.server_bind(self)
2026-03-01 22:50:08:   File "/usr/lib/python3.12/socketserver.py", line 473, in server_bind
2026-03-01 22:50:08:     self.socket.bind(self.server_address)
2026-03-01 22:50:08: OSError: [Errno 98] Address already in use
2026-03-01 22:50:10: Traceback (most recent call last):
2026-03-01 22:50:10:   File "/home/ubuntu/.openclaw/workspace/silhouette-brain/src/api/enhanced_memory_api.py", line 340, in <module>
2026-03-01 22:50:10:     run_api()
2026-03-01 22:50:10:   File "/home/ubuntu/.openclaw/workspace/silhouette-brain/src/api/enhanced_memory_api.py", line 327, in run_api
2026-03-01 22:50:10:     server = ReuseAddressServer(('0.0.0.0', port), MemoryAPIHandler)
2026-03-01 22:50:10:              ^^^^^^^^^^^^^^^^^^^^^^^^^^^^^^^^^^^^^^^^^^^^^^^^^^^^^^^
2026-03-01 22:50:10:   File "/usr/lib/python3.12/socketserver.py", line 457, in __init__
2026-03-01 22:50:10:     self.server_bind()
2026-03-01 22:50:10:   File "/usr/lib/python3.12/http/server.py", line 136, in server_bind
2026-03-01 22:50:10:     socketserver.TCPServer.server_bind(self)
2026-03-01 22:50:10:   File "/usr/lib/python3.12/socketserver.py", line 473, in server_bind
2026-03-01 22:50:10:     self.socket.bind(self.server_address)
2026-03-01 22:50:10: OSError: [Errno 98] Address already in use
2026-03-01 22:50:12: Traceback (most recent call last):
2026-03-01 22:50:12:   File "/home/ubuntu/.openclaw/workspace/silhouette-brain/src/api/enhanced_memory_api.py", line 340, in <module>
2026-03-01 22:50:12:     run_api()
2026-03-01 22:50:12:   File "/home/ubuntu/.openclaw/workspace/silhouette-brain/src/api/enhanced_memory_api.py", line 327, in run_api
2026-03-01 22:50:12:     server = ReuseAddressServer(('0.0.0.0', port), MemoryAPIHandler)
2026-03-01 22:50:12:              ^^^^^^^^^^^^^^^^^^^^^^^^^^^^^^^^^^^^^^^^^^^^^^^^^^^^^^^
2026-03-01 22:50:12:   File "/usr/lib/python3.12/socketserver.py", line 457, in __init__
2026-03-01 22:50:12:     self.server_bind()
2026-03-01 22:50:12:   File "/usr/lib/python3.12/http/server.py", line 136, in server_bind
2026-03-01 22:50:12:     socketserver.TCPServer.server_bind(self)
2026-03-01 22:50:12:   File "/usr/lib/python3.12/socketserver.py", line 473, in server_bind
2026-03-01 22:50:12:     self.socket.bind(self.server_address)
2026-03-01 22:50:12: OSError: [Errno 98] Address already in use
2026-03-01 22:50:15: Traceback (most recent call last):
2026-03-01 22:50:15:   File "/home/ubuntu/.openclaw/workspace/silhouette-brain/src/api/enhanced_memory_api.py", line 340, in <module>
2026-03-01 22:50:15:     run_api()
2026-03-01 22:50:15:   File "/home/ubuntu/.openclaw/workspace/silhouette-brain/src/api/enhanced_memory_api.py", line 327, in run_api
2026-03-01 22:50:15:     server = ReuseAddressServer(('0.0.0.0', port), MemoryAPIHandler)
2026-03-01 22:50:15:              ^^^^^^^^^^^^^^^^^^^^^^^^^^^^^^^^^^^^^^^^^^^^^^^^^^^^^^^
2026-03-01 22:50:15:   File "/usr/lib/python3.12/socketserver.py", line 457, in __init__
2026-03-01 22:50:15:     self.server_bind()
2026-03-01 22:50:15:   File "/usr/lib/python3.12/http/server.py", line 136, in server_bind
2026-03-01 22:50:15:     socketserver.TCPServer.server_bind(self)
2026-03-01 22:50:15:   File "/usr/lib/python3.12/socketserver.py", line 473, in server_bind
2026-03-01 22:50:15:     self.socket.bind(self.server_address)
2026-03-01 22:50:15: OSError: [Errno 98] Address already in use
2026-03-01 22:50:17: Traceback (most recent call last):
2026-03-01 22:50:17:   File "/home/ubuntu/.openclaw/workspace/silhouette-brain/src/api/enhanced_memory_api.py", line 340, in <module>
2026-03-01 22:50:17:     run_api()
2026-03-01 22:50:17:   File "/home/ubuntu/.openclaw/workspace/silhouette-brain/src/api/enhanced_memory_api.py", line 327, in run_api
2026-03-01 22:50:17:     server = ReuseAddressServer(('0.0.0.0', port), MemoryAPIHandler)
2026-03-01 22:50:17:              ^^^^^^^^^^^^^^^^^^^^^^^^^^^^^^^^^^^^^^^^^^^^^^^^^^^^^^^
2026-03-01 22:50:17:   File "/usr/lib/python3.12/socketserver.py", line 457, in __init__
2026-03-01 22:50:17:     self.server_bind()
2026-03-01 22:50:17:   File "/usr/lib/python3.12/http/server.py", line 136, in server_bind
2026-03-01 22:50:17:     socketserver.TCPServer.server_bind(self)
2026-03-01 22:50:17:   File "/usr/lib/python3.12/socketserver.py", line 473, in server_bind
2026-03-01 22:50:17:     self.socket.bind(self.server_address)
2026-03-01 22:50:17: OSError: [Errno 98] Address already in use
2026-03-01 22:50:19: Traceback (most recent call last):
2026-03-01 22:50:19:   File "/home/ubuntu/.openclaw/workspace/silhouette-brain/src/api/enhanced_memory_api.py", line 340, in <module>
2026-03-01 22:50:19:     run_api()
2026-03-01 22:50:19:   File "/home/ubuntu/.openclaw/workspace/silhouette-brain/src/api/enhanced_memory_api.py", line 327, in run_api
2026-03-01 22:50:19:     server = ReuseAddressServer(('0.0.0.0', port), MemoryAPIHandler)
2026-03-01 22:50:19:              ^^^^^^^^^^^^^^^^^^^^^^^^^^^^^^^^^^^^^^^^^^^^^^^^^^^^^^^
2026-03-01 22:50:19:   File "/usr/lib/python3.12/socketserver.py", line 457, in __init__
2026-03-01 22:50:19:     self.server_bind()
2026-03-01 22:50:19:   File "/usr/lib/python3.12/http/server.py", line 136, in server_bind
2026-03-01 22:50:19:     socketserver.TCPServer.server_bind(self)
2026-03-01 22:50:19:   File "/usr/lib/python3.12/socketserver.py", line 473, in server_bind
2026-03-01 22:50:19:     self.socket.bind(self.server_address)
2026-03-01 22:50:19: OSError: [Errno 98] Address already in use
2026-03-01 22:50:21: Traceback (most recent call last):
2026-03-01 22:50:21:   File "/home/ubuntu/.openclaw/workspace/silhouette-brain/src/api/enhanced_memory_api.py", line 340, in <module>
2026-03-01 22:50:21:     run_api()
2026-03-01 22:50:21:   File "/home/ubuntu/.openclaw/workspace/silhouette-brain/src/api/enhanced_memory_api.py", line 327, in run_api
2026-03-01 22:50:21:     server = ReuseAddressServer(('0.0.0.0', port), MemoryAPIHandler)
2026-03-01 22:50:21:              ^^^^^^^^^^^^^^^^^^^^^^^^^^^^^^^^^^^^^^^^^^^^^^^^^^^^^^^
2026-03-01 22:50:21:   File "/usr/lib/python3.12/socketserver.py", line 457, in __init__
2026-03-01 22:50:21:     self.server_bind()
2026-03-01 22:50:21:   File "/usr/lib/python3.12/http/server.py", line 136, in server_bind
2026-03-01 22:50:21:     socketserver.TCPServer.server_bind(self)
2026-03-01 22:50:21:   File "/usr/lib/python3.12/socketserver.py", line 473, in server_bind
2026-03-01 22:50:21:     self.socket.bind(self.server_address)
2026-03-01 22:50:21: OSError: [Errno 98] Address already in use
2026-03-01 22:50:23: Traceback (most recent call last):
2026-03-01 22:50:23:   File "/home/ubuntu/.openclaw/workspace/silhouette-brain/src/api/enhanced_memory_api.py", line 340, in <module>
2026-03-01 22:50:23:     run_api()
2026-03-01 22:50:23:   File "/home/ubuntu/.openclaw/workspace/silhouette-brain/src/api/enhanced_memory_api.py", line 327, in run_api
2026-03-01 22:50:23:     server = ReuseAddressServer(('0.0.0.0', port), MemoryAPIHandler)
2026-03-01 22:50:23:              ^^^^^^^^^^^^^^^^^^^^^^^^^^^^^^^^^^^^^^^^^^^^^^^^^^^^^^^
2026-03-01 22:50:23:   File "/usr/lib/python3.12/socketserver.py", line 457, in __init__
2026-03-01 22:50:23:     self.server_bind()
2026-03-01 22:50:23:   File "/usr/lib/python3.12/http/server.py", line 136, in server_bind
2026-03-01 22:50:23:     socketserver.TCPServer.server_bind(self)
2026-03-01 22:50:23:   File "/usr/lib/python3.12/socketserver.py", line 473, in server_bind
2026-03-01 22:50:23:     self.socket.bind(self.server_address)
2026-03-01 22:50:23: OSError: [Errno 98] Address already in use
2026-03-01 22:50:25: Traceback (most recent call last):
2026-03-01 22:50:25:   File "/home/ubuntu/.openclaw/workspace/silhouette-brain/src/api/enhanced_memory_api.py", line 340, in <module>
2026-03-01 22:50:25:     run_api()
2026-03-01 22:50:25:   File "/home/ubuntu/.openclaw/workspace/silhouette-brain/src/api/enhanced_memory_api.py", line 327, in run_api
2026-03-01 22:50:25:     server = ReuseAddressServer(('0.0.0.0', port), MemoryAPIHandler)
2026-03-01 22:50:25:              ^^^^^^^^^^^^^^^^^^^^^^^^^^^^^^^^^^^^^^^^^^^^^^^^^^^^^^^
2026-03-01 22:50:25:   File "/usr/lib/python3.12/socketserver.py", line 457, in __init__
2026-03-01 22:50:25:     self.server_bind()
2026-03-01 22:50:25:   File "/usr/lib/python3.12/http/server.py", line 136, in server_bind
2026-03-01 22:50:25:     socketserver.TCPServer.server_bind(self)
2026-03-01 22:50:25:   File "/usr/lib/python3.12/socketserver.py", line 473, in server_bind
2026-03-01 22:50:25:     self.socket.bind(self.server_address)
2026-03-01 22:50:25: OSError: [Errno 98] Address already in use
2026-03-01 22:50:27: Traceback (most recent call last):
2026-03-01 22:50:27:   File "/home/ubuntu/.openclaw/workspace/silhouette-brain/src/api/enhanced_memory_api.py", line 340, in <module>
2026-03-01 22:50:27:     run_api()
2026-03-01 22:50:27:   File "/home/ubuntu/.openclaw/workspace/silhouette-brain/src/api/enhanced_memory_api.py", line 327, in run_api
2026-03-01 22:50:27:     server = ReuseAddressServer(('0.0.0.0', port), MemoryAPIHandler)
2026-03-01 22:50:27:              ^^^^^^^^^^^^^^^^^^^^^^^^^^^^^^^^^^^^^^^^^^^^^^^^^^^^^^^
2026-03-01 22:50:27:   File "/usr/lib/python3.12/socketserver.py", line 457, in __init__
2026-03-01 22:50:27:     self.server_bind()
2026-03-01 22:50:27:   File "/usr/lib/python3.12/http/server.py", line 136, in server_bind
2026-03-01 22:50:27: socketserver.TCPServer.server_bind(self)
2026-03-01 22:50:27:   File "/usr/lib/python3.12/socketserver.py", line 473, in server_bind
2026-03-01 22:50:27:     self.socket.bind(self.server_address)
2026-03-01 22:50:27: OSError: [Errno 98] Address already in use
2026-03-01 22:50:29: Traceback (most recent call last):
2026-03-01 22:50:29:   File "/home/ubuntu/.openclaw/workspace/silhouette-brain/src/api/enhanced_memory_api.py", line 340, in <module>
2026-03-01 22:50:29:     run_api()
2026-03-01 22:50:29:   File "/home/ubuntu/.openclaw/workspace/silhouette-brain/src/api/enhanced_memory_api.py", line 327, in run_api
2026-03-01 22:50:29:     server = ReuseAddressServer(('0.0.0.0', port), MemoryAPIHandler)
2026-03-01 22:50:29:              ^^^^^^^^^^^^^^^^^^^^^^^^^^^^^^^^^^^^^^^^^^^^^^^^^^^^^^^
2026-03-01 22:50:29:   File "/usr/lib/python3.12/socketserver.py", line 457, in __init__
2026-03-01 22:50:29:     self.server_bind()
2026-03-01 22:50:29:   File "/usr/lib/python3.12/http/server.py", line 136, in server_bind
2026-03-01 22:50:29:     socketserver.TCPServer.server_bind(self)
2026-03-01 22:50:29:   File "/usr/lib/python3.12/socketserver.py", line 473, in server_bind
2026-03-01 22:50:29:     self.socket.bind(self.server_address)
2026-03-01 22:50:29: OSError: [Errno 98] Address already in use
2026-03-01 22:50:31: Traceback (most recent call last):
2026-03-01 22:50:31:   File "/home/ubuntu/.openclaw/workspace/silhouette-brain/src/api/enhanced_memory_api.py", line 340, in <module>
2026-03-01 22:50:31:     run_api()
2026-03-01 22:50:31:   File "/home/ubuntu/.openclaw/workspace/silhouette-brain/src/api/enhanced_memory_api.py", line 327, in run_api
2026-03-01 22:50:31:     server = ReuseAddressServer(('0.0.0.0', port), MemoryAPIHandler)
2026-03-01 22:50:31:              ^^^^^^^^^^^^^^^^^^^^^^^^^^^^^^^^^^^^^^^^^^^^^^^^^^^^^^^
2026-03-01 22:50:31:   File "/usr/lib/python3.12/socketserver.py", line 457, in __init__
2026-03-01 22:50:31:     self.server_bind()
2026-03-01 22:50:31:   File "/usr/lib/python3.12/http/server.py", line 136, in server_bind
2026-03-01 22:50:31:     socketserver.TCPServer.server_bind(self)
2026-03-01 22:50:31:   File "/usr/lib/python3.12/socketserver.py", line 473, in server_bind
2026-03-01 22:50:31:     self.socket.bind(self.server_address)
2026-03-01 22:50:31: OSError: [Errno 98] Address already in use
2026-03-01 22:50:34: Traceback (most recent call last):
2026-03-01 22:50:34:   File "/home/ubuntu/.openclaw/workspace/silhouette-brain/src/api/enhanced_memory_api.py", line 340, in <module>
2026-03-01 22:50:34:     run_api()
2026-03-01 22:50:34:   File "/home/ubuntu/.openclaw/workspace/silhouette-brain/src/api/enhanced_memory_api.py", line 327, in run_api
2026-03-01 22:50:34:     server = ReuseAddressServer(('0.0.0.0', port), MemoryAPIHandler)
2026-03-01 22:50:34:              ^^^^^^^^^^^^^^^^^^^^^^^^^^^^^^^^^^^^^^^^^^^^^^^^^^^^^^^
2026-03-01 22:50:34:   File "/usr/lib/python3.12/socketserver.py", line 457, in __init__
2026-03-01 22:50:34:     self.server_bind()
2026-03-01 22:50:34:   File "/usr/lib/python3.12/http/server.py", line 136, in server_bind
2026-03-01 22:50:34:     socketserver.TCPServer.server_bind(self)
2026-03-01 22:50:34:   File "/usr/lib/python3.12/socketserver.py", line 473, in server_bind
2026-03-01 22:50:34:     self.socket.bind(self.server_address)
2026-03-01 22:50:34: OSError: [Errno 98] Address already in use
2026-03-01 22:50:36: Traceback (most recent call last):
2026-03-01 22:50:36:   File "/home/ubuntu/.openclaw/workspace/silhouette-brain/src/api/enhanced_memory_api.py", line 340, in <module>
2026-03-01 22:50:36:     run_api()
2026-03-01 22:50:36:   File "/home/ubuntu/.openclaw/workspace/silhouette-brain/src/api/enhanced_memory_api.py", line 327, in run_api
2026-03-01 22:50:36:     server = ReuseAddressServer(('0.0.0.0', port), MemoryAPIHandler)
2026-03-01 22:50:36:              ^^^^^^^^^^^^^^^^^^^^^^^^^^^^^^^^^^^^^^^^^^^^^^^^^^^^^^^
2026-03-01 22:50:36:   File "/usr/lib/python3.12/socketserver.py", line 457, in __init__
2026-03-01 22:50:36:     self.server_bind()
2026-03-01 22:50:36:   File "/usr/lib/python3.12/http/server.py", line 136, in server_bind
2026-03-01 22:50:36:     socketserver.TCPServer.server_bind(self)
2026-03-01 22:50:36:   File "/usr/lib/python3.12/socketserver.py", line 473, in server_bind
2026-03-01 22:50:36:     self.socket.bind(self.server_address)
2026-03-01 22:50:36: OSError: [Errno 98] Address already in use
2026-03-01 22:50:38: Traceback (most recent call last):
2026-03-01 22:50:38:   File "/home/ubuntu/.openclaw/workspace/silhouette-brain/src/api/enhanced_memory_api.py", line 340, in <module>
2026-03-01 22:50:38:     run_api()
2026-03-01 22:50:38:   File "/home/ubuntu/.openclaw/workspace/silhouette-brain/src/api/enhanced_memory_api.py", line 327, in run_api
2026-03-01 22:50:38:     server = ReuseAddressServer(('0.0.0.0', port), MemoryAPIHandler)
2026-03-01 22:50:38: ^^^^^^^^^^^^^^^^^^^^^^^^^^^^^^^^^^^^^^^^^^^^^^^^^^^^^^
2026-03-01 22:50:38:   File "/usr/lib/python3.12/socketserver.py", line 457, in __init__
2026-03-01 22:50:38:     self.server_bind()
2026-03-01 22:50:38:   File "/usr/lib/python3.12/http/server.py", line 136, in server_bind
2026-03-01 22:50:38:     socketserver.TCPServer.server_bind(self)
2026-03-01 22:50:38:   File "/usr/lib/python3.12/socketserver.py", line 473, in server_bind
2026-03-01 22:50:38:     self.socket.bind(self.server_address)
2026-03-01 22:50:38: OSError: [Errno 98] Address already in use
2026-03-01 22:50:40: Traceback (most recent call last):
2026-03-01 22:50:40:   File "/home/ubuntu/.openclaw/workspace/silhouette-brain/src/api/enhanced_memory_api.py", line 340, in <module>
2026-03-01 22:50:40:     run_api()
2026-03-01 22:50:40:   File "/home/ubuntu/.openclaw/workspace/silhouette-brain/src/api/enhanced_memory_api.py", line 327, in run_api
2026-03-01 22:50:40:     server = ReuseAddressServer(('0.0.0.0', port), MemoryAPIHandler)
2026-03-01 22:50:40:              ^^^^^^^^^^^^^^^^^^^^^^^^^^^^^^^^^^^^^^^^^^^^^^^^^^^^^^^
2026-03-01 22:50:40:   File "/usr/lib/python3.12/socketserver.py", line 457, in __init__
2026-03-01 22:50:40:     self.server_bind()
2026-03-01 22:50:40:   File "/usr/lib/python3.12/http/server.py", line 136, in server_bind
2026-03-01 22:50:40:     socketserver.TCPServer.server_bind(self)
2026-03-01 22:50:40:   File "/usr/lib/python3.12/socketserver.py", line 473, in server_bind
2026-03-01 22:50:40:     self.socket.bind(self.server_address)
2026-03-01 22:50:40: OSError: [Errno 98] Address already in use
2026-03-01 22:50:42: Traceback (most recent call last):
2026-03-01 22:50:42:   File "/home/ubuntu/.openclaw/workspace/silhouette-brain/src/api/enhanced_memory_api.py", line 340, in <module>
2026-03-01 22:50:42:     run_api()
2026-03-01 22:50:42:   File "/home/ubuntu/.openclaw/workspace/silhouette-brain/src/api/enhanced_memory_api.py", line 327, in run_api
2026-03-01 22:50:42:     server = ReuseAddressServer(('0.0.0.0', port), MemoryAPIHandler)
2026-03-01 22:50:42:              ^^^^^^^^^^^^^^^^^^^^^^^^^^^^^^^^^^^^^^^^^^^^^^^^^^^^^^^
2026-03-01 22:50:42:   File "/usr/lib/python3.12/socketserver.py", line 457, in __init__
2026-03-01 22:50:42:     self.server_bind()
2026-03-01 22:50:42:   File "/usr/lib/python3.12/http/server.py", line 136, in server_bind
2026-03-01 22:50:42:     socketserver.TCPServer.server_bind(self)
2026-03-01 22:50:42:   File "/usr/lib/python3.12/socketserver.py", line 473, in server_bind
2026-03-01 22:50:42:     self.socket.bind(self.server_address)
2026-03-01 22:50:42: OSError: [Errno 98] Address already in use
2026-03-01 22:50:44: Traceback (most recent call last):
2026-03-01 22:50:44:   File "/home/ubuntu/.openclaw/workspace/silhouette-brain/src/api/enhanced_memory_api.py", line 340, in <module>
2026-03-01 22:50:44:     run_api()
2026-03-01 22:50:44:   File "/home/ubuntu/.openclaw/workspace/silhouette-brain/src/api/enhanced_memory_api.py", line 327, in run_api
2026-03-01 22:50:44:     server = ReuseAddressServer(('0.0.0.0', port), MemoryAPIHandler)
2026-03-01 22:50:44:              ^^^^^^^^^^^^^^^^^^^^^^^^^^^^^^^^^^^^^^^^^^^^^^^^^^^^^^^
2026-03-01 22:50:44:   File "/usr/lib/python3.12/socketserver.py", line 457, in __init__
2026-03-01 22:50:44:     self.server_bind()
2026-03-01 22:50:44:   File "/usr/lib/python3.12/http/server.py", line 136, in server_bind
2026-03-01 22:50:44:     socketserver.TCPServer.server_bind(self)
2026-03-01 22:50:44:   File "/usr/lib/python3.12/socketserver.py", line 473, in server_bind
2026-03-01 22:50:44:     self.socket.bind(self.server_address)
2026-03-01 22:50:44: OSError: [Errno 98] Address already in use
2026-03-01 22:50:46: Traceback (most recent call last):
2026-03-01 22:50:46:   File "/home/ubuntu/.openclaw/workspace/silhouette-brain/src/api/enhanced_memory_api.py", line 340, in <module>
2026-03-01 22:50:46:     run_api()
2026-03-01 22:50:46:   File "/home/ubuntu/.openclaw/workspace/silhouette-brain/src/api/enhanced_memory_api.py", line 327, in run_api
2026-03-01 22:50:46:     server = ReuseAddressServer(('0.0.0.0', port), MemoryAPIHandler)
2026-03-01 22:50:46:              ^^^^^^^^^^^^^^^^^^^^^^^^^^^^^^^^^^^^^^^^^^^^^^^^^^^^^^^
2026-03-01 22:50:46:   File "/usr/lib/python3.12/socketserver.py", line 457, in __init__
2026-03-01 22:50:46:     self.server_bind()
2026-03-01 22:50:46:   File "/usr/lib/python3.12/http/server.py", line 136, in server_bind
2026-03-01 22:50:46:     socketserver.TCPServer.server_bind(self)
2026-03-01 22:50:46:   File "/usr/lib/python3.12/socketserver.py", line 473, in server_bind
2026-03-01 22:50:46:     self.socket.bind(self.server_address)
2026-03-01 22:50:46: OSError: [Errno 98] Address already in use
2026-03-01 22:50:48: Traceback (most recent call last):
2026-03-01 22:50:48:   File "/home/ubuntu/.openclaw/workspace/silhouette-brain/src/api/enhanced_memory_api.py", line 340, in <module>
2026-03-01 22:50:48:     run_api()
2026-03-01 22:50:48:   File "/home/ubuntu/.openclaw/workspace/silhouette-brain/src/api/enhanced_memory_api.py", line 327, in run_api
2026-03-01 22:50:48:     server = ReuseAddressServer(('0.0.0.0', port), MemoryAPIHandler)
2026-03-01 22:50:48:              ^^^^^^^^^^^^^^^^^^^^^^^^^^^^^^^^^^^^^^^^^^^^^^^^^^^^^^^
2026-03-01 22:50:48:   File "/usr/lib/python3.12/socketserver.py", line 457, in __init__
2026-03-01 22:50:48:     self.server_bind()
2026-03-01 22:50:48:   File "/usr/lib/python3.12/http/server.py", line 136, in server_bind
2026-03-01 22:50:48:     socketserver.TCPServer.server_bind(self)
2026-03-01 22:50:48:   File "/usr/lib/python3.12/socketserver.py", line 473, in server_bind
2026-03-01 22:50:48:     self.socket.bind(self.server_address)
2026-03-01 22:50:48: OSError: [Errno 98] Address already in use
2026-03-01 22:50:50: Traceback (most recent call last):
2026-03-01 22:50:50:   File "/home/ubuntu/.openclaw/workspace/silhouette-brain/src/api/enhanced_memory_api.py", line 340, in <module>
2026-03-01 22:50:50:     run_api()
2026-03-01 22:50:50:   File "/home/ubuntu/.openclaw/workspace/silhouette-brain/src/api/enhanced_memory_api.py", line 327, in run_api
2026-03-01 22:50:50:     server = ReuseAddressServer(('0.0.0.0', port), MemoryAPIHandler)
2026-03-01 22:50:50:              ^^^^^^^^^^^^^^^^^^^^^^^^^^^^^^^^^^^^^^^^^^^^^^^^^^^^^^^
2026-03-01 22:50:50:   File "/usr/lib/python3.12/socketserver.py", line 457, in __init__
2026-03-01 22:50:50:     self.server_bind()
2026-03-01 22:50:50:   File "/usr/lib/python3.12/http/server.py", line 136, in server_bind
2026-03-01 22:50:50:     socketserver.TCPServer.server_bind(self)
2026-03-01 22:50:50:   File "/usr/lib/python3.12/socketserver.py", line 473, in server_bind
2026-03-01 22:50:50:     self.socket.bind(self.server_address)
2026-03-01 22:50:50: OSError: [Errno 98] Address already in use
2026-03-01 22:50:53: Traceback (most recent call last):
2026-03-01 22:50:53:   File "/home/ubuntu/.openclaw/workspace/silhouette-brain/src/api/enhanced_memory_api.py", line 340, in <module>
2026-03-01 22:50:53:     run_api()
2026-03-01 22:50:53:   File "/home/ubuntu/.openclaw/workspace/silhouette-brain/src/api/enhanced_memory_api.py", line 327, in run_api
2026-03-01 22:50:53:     server = ReuseAddressServer(('0.0.0.0', port), MemoryAPIHandler)
2026-03-01 22:50:53:              ^^^^^^^^^^^^^^^^^^^^^^^^^^^^^^^^^^^^^^^^^^^^^^^^^^^^^^^
2026-03-01 22:50:53:   File "/usr/lib/python3.12/socketserver.py", line 457, in __init__
2026-03-01 22:50:53:     self.server_bind()
2026-03-01 22:50:53:   File "/usr/lib/python3.12/http/server.py", line 136, in server_bind
2026-03-01 22:50:53:     socketserver.TCPServer.server_bind(self)
2026-03-01 22:50:53:   File "/usr/lib/python3.12/socketserver.py", line 473, in server_bind
2026-03-01 22:50:53:     self.socket.bind(self.server_address)
2026-03-01 22:50:53: OSError: [Errno 98] Address already in use
2026-03-01 22:50:55: Traceback (most recent call last):
2026-03-01 22:50:55:   File "/home/ubuntu/.openclaw/workspace/silhouette-brain/src/api/enhanced_memory_api.py", line 340, in <module>
2026-03-01 22:50:55:     run_api()
2026-03-01 22:50:55:   File "/home/ubuntu/.openclaw/workspace/silhouette-brain/src/api/enhanced_memory_api.py", line 327, in run_api
2026-03-01 22:50:55:     server = ReuseAddressServer(('0.0.0.0', port), MemoryAPIHandler)
2026-03-01 22:50:55:              ^^^^^^^^^^^^^^^^^^^^^^^^^^^^^^^^^^^^^^^^^^^^^^^^^^^^^^^
2026-03-01 22:50:55:   File "/usr/lib/python3.12/socketserver.py", line 457, in __init__
2026-03-01 22:50:55:     self.server_bind()
2026-03-01 22:50:55:   File "/usr/lib/python3.12/http/server.py", line 136, in server_bind
2026-03-01 22:50:55:     socketserver.TCPServer.server_bind(self)
2026-03-01 22:50:55:   File "/usr/lib/python3.12/socketserver.py", line 473, in server_bind
2026-03-01 22:50:55:     self.socket.bind(self.server_address)
2026-03-01 22:50:55: OSError: [Errno 98] Address already in use
2026-03-01 22:50:57: Traceback (most recent call last):
2026-03-01 22:50:57:   File "/home/ubuntu/.openclaw/workspace/silhouette-brain/src/api/enhanced_memory_api.py", line 340, in <module>
2026-03-01 22:50:57:     run_api()
2026-03-01 22:50:57:   File "/home/ubuntu/.openclaw/workspace/silhouette-brain/src/api/enhanced_memory_api.py", line 327, in run_api
2026-03-01 22:50:57:     server = ReuseAddressServer(('0.0.0.0', port), MemoryAPIHandler)
2026-03-01 22:50:57:              ^^^^^^^^^^^^^^^^^^^^^^^^^^^^^^^^^^^^^^^^^^^^^^^^^^^^^^^
2026-03-01 22:50:57:   File "/usr/lib/python3.12/socketserver.py", line 457, in __init__
2026-03-01 22:50:57:     self.server_bind()
2026-03-01 22:50:57:   File "/usr/lib/python3.12/http/server.py", line 136, in server_bind
2026-03-01 22:50:57:     socketserver.TCPServer.server_bind(self)
2026-03-01 22:50:57:   File "/usr/lib/python3.12/socketserver.py", line 473, in server_bind
2026-03-01 22:50:57:     self.socket.bind(self.server_address)
2026-03-01 22:50:57: OSError: [Errno 98] Address already in use
2026-03-01 22:50:59: Traceback (most recent call last):
2026-03-01 22:50:59:   File "/home/ubuntu/.openclaw/workspace/silhouette-brain/src/api/enhanced_memory_api.py", line 340, in <module>
2026-03-01 22:50:59:     run_api()
2026-03-01 22:50:59:   File "/home/ubuntu/.openclaw/workspace/silhouette-brain/src/api/enhanced_memory_api.py", line 327, in run_api
2026-03-01 22:50:59:     server = ReuseAddressServer(('0.0.0.0', port), MemoryAPIHandler)
2026-03-01 22:50:59:              ^^^^^^^^^^^^^^^^^^^^^^^^^^^^^^^^^^^^^^^^^^^^^^^^^^^^^^^
2026-03-01 22:50:59:   File "/usr/lib/python3.12/socketserver.py", line 457, in __init__
2026-03-01 22:50:59:     self.server_bind()
2026-03-01 22:50:59:   File "/usr/lib/python3.12/http/server.py", line 136, in server_bind
2026-03-01 22:50:59:     socketserver.TCPServer.server_bind(self)
2026-03-01 22:50:59:   File "/usr/lib/python3.12/socketserver.py", line 473, in server_bind
2026-03-01 22:50:59:     self.socket.bind(self.server_address)
2026-03-01 22:50:59: OSError: [Errno 98] Address already in use
2026-03-01 22:51:01: Traceback (most recent call last):
2026-03-01 22:51:01:   File "/home/ubuntu/.openclaw/workspace/silhouette-brain/src/api/enhanced_memory_api.py", line 340, in <module>
2026-03-01 22:51:01:     run_api()
2026-03-01 22:51:01:   File "/home/ubuntu/.openclaw/workspace/silhouette-brain/src/api/enhanced_memory_api.py", line 327, in run_api
2026-03-01 22:51:01:     server = ReuseAddressServer(('0.0.0.0', port), MemoryAPIHandler)
2026-03-01 22:51:01:              ^^^^^^^^^^^^^^^^^^^^^^^^^^^^^^^^^^^^^^^^^^^^^^^^^^^^^^^
2026-03-01 22:51:01:   File "/usr/lib/python3.12/socketserver.py", line 457, in __init__
2026-03-01 22:51:01:     self.server_bind()
2026-03-01 22:51:01:   File "/usr/lib/python3.12/http/server.py", line 136, in server_bind
2026-03-01 22:51:01:     socketserver.TCPServer.server_bind(self)
2026-03-01 22:51:01:   File "/usr/lib/python3.12/socketserver.py", line 473, in server_bind
2026-03-01 22:51:01:     self.socket.bind(self.server_address)
2026-03-01 22:51:01: OSError: [Errno 98] Address already in use
2026-03-01 22:51:03: Traceback (most recent call last):
2026-03-01 22:51:03:   File "/home/ubuntu/.openclaw/workspace/silhouette-brain/src/api/enhanced_memory_api.py", line 340, in <module>
2026-03-01 22:51:03:     run_api()
2026-03-01 22:51:03:   File "/home/ubuntu/.openclaw/workspace/silhouette-brain/src/api/enhanced_memory_api.py", line 327, in run_api
2026-03-01 22:51:03:     server = ReuseAddressServer(('0.0.0.0', port), MemoryAPIHandler)
2026-03-01 22:51:03:              ^^^^^^^^^^^^^^^^^^^^^^^^^^^^^^^^^^^^^^^^^^^^^^^^^^^^^^^
2026-03-01 22:51:03:   File "/usr/lib/python3.12/socketserver.py", line 457, in __init__
2026-03-01 22:51:03:     self.server_bind()
2026-03-01 22:51:03:   File "/usr/lib/python3.12/http/server.py", line 136, in server_bind
2026-03-01 22:51:03:     socketserver.TCPServer.server_bind(self)
2026-03-01 22:51:03:   File "/usr/lib/python3.12/socketserver.py", line 473, in server_bind
2026-03-01 22:51:03:     self.socket.bind(self.server_address)
2026-03-01 22:51:03: OSError: [Errno 98] Address already in use
2026-03-01 22:51:05: Traceback (most recent call last):
2026-03-01 22:51:05:   File "/home/ubuntu/.openclaw/workspace/silhouette-brain/src/api/enhanced_memory_api.py", line 340, in <module>
2026-03-01 22:51:05:     run_api()
2026-03-01 22:51:05:   File "/home/ubuntu/.openclaw/workspace/silhouette-brain/src/api/enhanced_memory_api.py", line 327, in run_api
2026-03-01 22:51:05:     server = ReuseAddressServer(('0.0.0.0', port), MemoryAPIHandler)
2026-03-01 22:51:05:              ^^^^^^^^^^^^^^^^^^^^^^^^^^^^^^^^^^^^^^^^^^^^^^^^^^^^^^^
2026-03-01 22:51:05:   File "/usr/lib/python3.12/socketserver.py", line 457, in __init__
2026-03-01 22:51:05:     self.server_bind()
2026-03-01 22:51:05:   File "/usr/lib/python3.12/http/server.py", line 136, in server_bind
2026-03-01 22:51:05:     socketserver.TCPServer.server_bind(self)
2026-03-01 22:51:05:   File "/usr/lib/python3.12/socketserver.py", line 473, in server_bind
2026-03-01 22:51:05:     self.socket.bind(self.server_address)
2026-03-01 22:51:05: OSError: [Errno 98] Address already in use
2026-03-01 22:51:07: Traceback (most recent call last):
2026-03-01 22:51:07:   File "/home/ubuntu/.openclaw/workspace/silhouette-brain/src/api/enhanced_memory_api.py", line 340, in <module>
2026-03-01 22:51:07:     run_api()
2026-03-01 22:51:07:   File "/home/ubuntu/.openclaw/workspace/silhouette-brain/src/api/enhanced_memory_api.py", line 327, in run_api
2026-03-01 22:51:07:     server = ReuseAddressServer(('0.0.0.0', port), MemoryAPIHandler)
2026-03-01 22:51:07:              ^^^^^^^^^^^^^^^^^^^^^^^^^^^^^^^^^^^^^^^^^^^^^^^^^^^^^^^
2026-03-01 22:51:07:   File "/usr/lib/python3.12/socketserver.py", line 457, in __init__
2026-03-01 22:51:07:     self.server_bind()
2026-03-01 22:51:07:   File "/usr/lib/python3.12/http/server.py", line 136, in server_bind
2026-03-01 22:51:07:     socketserver.TCPServer.server_bind(self)
2026-03-01 22:51:07:   File "/usr/lib/python3.12/socketserver.py", line 473, in server_bind
2026-03-01 22:51:07:     self.socket.bind(self.server_address)
2026-03-01 22:51:07: OSError: [Errno 98] Address already in use
2026-03-01 22:51:10: Traceback (most recent call last):
2026-03-01 22:51:10:   File "/home/ubuntu/.openclaw/workspace/silhouette-brain/src/api/enhanced_memory_api.py", line 340, in <module>
2026-03-01 22:51:10:     run_api()
2026-03-01 22:51:10:   File "/home/ubuntu/.openclaw/workspace/silhouette-brain/src/api/enhanced_memory_api.py", line 327, in run_api
2026-03-01 22:51:10:     server = ReuseAddressServer(('0.0.0.0', port), MemoryAPIHandler)
2026-03-01 22:51:10:              ^^^^^^^^^^^^^^^^^^^^^^^^^^^^^^^^^^^^^^^^^^^^^^^^^^^^^^^
2026-03-01 22:51:10:   File "/usr/lib/python3.12/socketserver.py", line 457, in __init__
2026-03-01 22:51:10:     self.server_bind()
2026-03-01 22:51:10:   File "/usr/lib/python3.12/http/server.py", line 136, in server_bind
2026-03-01 22:51:10:     socketserver.TCPServer.server_bind(self)
2026-03-01 22:51:10:   File "/usr/lib/python3.12/socketserver.py", line 473, in server_bind
2026-03-01 22:51:10:     self.socket.bind(self.server_address)
2026-03-01 22:51:10: OSError: [Errno 98] Address already in use
2026-03-01 22:51:12: Traceback (most recent call last):
2026-03-01 22:51:12:   File "/home/ubuntu/.openclaw/workspace/silhouette-brain/src/api/enhanced_memory_api.py", line 340, in <module>
2026-03-01 22:51:12:     run_api()
2026-03-01 22:51:12:   File "/home/ubuntu/.openclaw/workspace/silhouette-brain/src/api/enhanced_memory_api.py", line 327, in run_api
2026-03-01 22:51:12:     server = ReuseAddressServer(('0.0.0.0', port), MemoryAPIHandler)
2026-03-01 22:51:12:             ^^^^^^^^^^^^^^^^^^^^^^^^^^^^^^^^^^^^^^^^^^^^^^^^^^^^^^^
2026-03-01 22:51:12:   File "/usr/lib/python3.12/socketserver.py", line 457, in __init__
2026-03-01 22:51:12:     self.server_bind()
2026-03-01 22:51:12:   File "/usr/lib/python3.12/http/server.py", line 136, in server_bind
2026-03-01 22:51:12:     socketserver.TCPServer.server_bind(self)
2026-03-01 22:51:12:   File "/usr/lib/python3.12/socketserver.py", line 473, in server_bind
2026-03-01 22:51:12:     self.socket.bind(self.server_address)
2026-03-01 22:51:12: OSError: [Errno 98] Address already in use
2026-03-01 22:51:14: Traceback (most recent call last):
2026-03-01 22:51:14:   File "/home/ubuntu/.openclaw/workspace/silhouette-brain/src/api/enhanced_memory_api.py", line 340, in <module>
2026-03-01 22:51:14:     run_api()
2026-03-01 22:51:14:   File "/home/ubuntu/.openclaw/workspace/silhouette-brain/src/api/enhanced_memory_api.py", line 327, in run_api
2026-03-01 22:51:14:     server = ReuseAddressServer(('0.0.0.0', port), MemoryAPIHandler)
2026-03-01 22:51:14:              ^^^^^^^^^^^^^^^^^^^^^^^^^^^^^^^^^^^^^^^^^^^^^^^^^^^^^^^
2026-03-01 22:51:14:   File "/usr/lib/python3.12/socketserver.py", line 457, in __init__
2026-03-01 22:51:14:     self.server_bind()
2026-03-01 22:51:14:   File "/usr/lib/python3.12/http/server.py", line 136, in server_bind
2026-03-01 22:51:14:     socketserver.TCPServer.server_bind(self)
2026-03-01 22:51:14:   File "/usr/lib/python3.12/socketserver.py", line 473, in server_bind
2026-03-01 22:51:14:     
2026-03-01 22:51:14: self.socket.bind(self.server_address)
2026-03-01 22:51:14: 
2026-03-01 22:51:14: OSError: [Errno 98] Address already in use
2026-03-01 22:51:16: Traceback (most recent call last):
2026-03-01 22:51:16:   File "/home/ubuntu/.openclaw/workspace/silhouette-brain/src/api/enhanced_memory_api.py", line 340, in <module>
2026-03-01 22:51:16:     run_api()
2026-03-01 22:51:16:   File "/home/ubuntu/.openclaw/workspace/silhouette-brain/src/api/enhanced_memory_api.py", line 327, in run_api
2026-03-01 22:51:16:     server = ReuseAddressServer(('0.0.0.0', port), MemoryAPIHandler)
2026-03-01 22:51:16:              ^^^^^^^^^^^^^^^^^^^^^^^^^^^^^^^^^^^^^^^^^^^^^^^^^^^^^^^
2026-03-01 22:51:16:   File "/usr/lib/python3.12/socketserver.py", line 457, in __init__
2026-03-01 22:51:16:     self.server_bind()
2026-03-01 22:51:16:   File "/usr/lib/python3.12/http/server.py", line 136, in server_bind
2026-03-01 22:51:16:     socketserver.TCPServer.server_bind(self)
2026-03-01 22:51:16:   File "/usr/lib/python3.12/socketserver.py", line 473, in server_bind
2026-03-01 22:51:16:     self.socket.bind(self.server_address)
2026-03-01 22:51:16: OSError: [Errno 98] Address already in use
2026-03-01 22:51:18: Traceback (most recent call last):
2026-03-01 22:51:18:   File "/home/ubuntu/.openclaw/workspace/silhouette-brain/src/api/enhanced_memory_api.py", line 340, in <module>
2026-03-01 22:51:18:     run_api()
2026-03-01 22:51:18:   File "/home/ubuntu/.openclaw/workspace/silhouette-brain/src/api/enhanced_memory_api.py", line 327, in run_api
2026-03-01 22:51:18:     server = ReuseAddressServer(('0.0.0.0', port), MemoryAPIHandler)
2026-03-01 22:51:18:              ^^^^^^^^^^^^^^^^^^^^^^^^^^^^^^^^^^^^^^^^^^^^^^^^^^^^^^^
2026-03-01 22:51:18:   File "/usr/lib/python3.12/socketserver.py", line 457, in __init__
2026-03-01 22:51:18:     self.server_bind()
2026-03-01 22:51:18:   File "/usr/lib/python3.12/http/server.py", line 136, in server_bind
2026-03-01 22:51:18:     socketserver.TCPServer.server_bind(self)
2026-03-01 22:51:18:   File "/usr/lib/python3.12/socketserver.py", line 473, in server_bind
2026-03-01 22:51:18:     self.socket.bind(self.server_address)
2026-03-01 22:51:18: OSError: [Errno 98] Address already in use
2026-03-01 22:51:20: Traceback (most recent call last):
2026-03-01 22:51:20:   File "/home/ubuntu/.openclaw/workspace/silhouette-brain/src/api/enhanced_memory_api.py", line 340, in <module>
2026-03-01 22:51:20:     run_api()
2026-03-01 22:51:20:   File "/home/ubuntu/.openclaw/workspace/silhouette-brain/src/api/enhanced_memory_api.py", line 327, in run_api
2026-03-01 22:51:20:     server = ReuseAddressServer(('0.0.0.0', port), MemoryAPIHandler)
2026-03-01 22:51:20:              ^^^^^^^^^^^^^^^^^^^^^^^^^^^^^^^^^^^^^^^^^^^^^^^^^^^^^^^
2026-03-01 22:51:20:   File "/usr/lib/python3.12/socketserver.py", line 457, in __init__
2026-03-01 22:51:20:     self.server_bind()
2026-03-01 22:51:20:   File "/usr/lib/python3.12/http/server.py", line 136, in server_bind
2026-03-01 22:51:20:     socketserver.TCPServer.server_bind(self)
2026-03-01 22:51:20:   File "/usr/lib/python3.12/socketserver.py", line 473, in server_bind
2026-03-01 22:51:20:     self.socket.bind(self.server_address)
2026-03-01 22:51:20: OSError: [Errno 98] Address already in use
2026-03-01 22:51:22: Traceback (most recent call last):
2026-03-01 22:51:22:   File "/home/ubuntu/.openclaw/workspace/silhouette-brain/src/api/enhanced_memory_api.py", line 340, in <module>
2026-03-01 22:51:22:     run_api()
2026-03-01 22:51:22:   File "/home/ubuntu/.openclaw/workspace/silhouette-brain/src/api/enhanced_memory_api.py", line 327, in run_api
2026-03-01 22:51:22:     server = ReuseAddressServer(('0.0.0.0', port), MemoryAPIHandler)
2026-03-01 22:51:22:              ^^^^^^^^^^^^^^^^^^^^^^^^^^^^^^^^^^^^^^^^^^^^^^^^^^^^^^^
2026-03-01 22:51:22:   File "/usr/lib/python3.12/socketserver.py", line 457, in __init__
2026-03-01 22:51:22:     self.server_bind()
2026-03-01 22:51:22:   File "/usr/lib/python3.12/http/server.py", line 136, in server_bind
2026-03-01 22:51:22:     socketserver.TCPServer.server_bind(self)
2026-03-01 22:51:22:   File "/usr/lib/python3.12/socketserver.py", line 473, in server_bind
2026-03-01 22:51:22:     self.socket.bind(self.server_address)
2026-03-01 22:51:22: OSError: [Errno 98] Address already in use
2026-03-01 22:51:24: Traceback (most recent call last):
2026-03-01 22:51:24:   File "/home/ubuntu/.openclaw/workspace/silhouette-brain/src/api/enhanced_memory_api.py", line 340, in <module>
2026-03-01 22:51:24:     run_api()
2026-03-01 22:51:24:   File "/home/ubuntu/.openclaw/workspace/silhouette-brain/src/api/enhanced_memory_api.py", line 327, in run_api
2026-03-01 22:51:24:     server = ReuseAddressServer(('0.0.0.0', port), MemoryAPIHandler)
2026-03-01 22:51:24:              ^^^^^^^^^^^^^^^^^^^^^^^^^^^^^^^^^^^^^^^^^^^^^^^^^^^^^^^
2026-03-01 22:51:24:   File "/usr/lib/python3.12/socketserver.py", line 457, in __init__
2026-03-01 22:51:24:     self.server_bind()
2026-03-01 22:51:24:   File "/usr/lib/python3.12/http/server.py", line 136, in server_bind
2026-03-01 22:51:24:     socketserver.TCPServer.server_bind(self)
2026-03-01 22:51:24:   File "/usr/lib/python3.12/socketserver.py", line 473, in server_bind
2026-03-01 22:51:24:     self.socket.bind(self.server_address)
2026-03-01 22:51:24: OSError: [Errno 98] Address already in use
2026-03-01 22:51:26: Traceback (most recent call last):
2026-03-01 22:51:26:   File "/home/ubuntu/.openclaw/workspace/silhouette-brain/src/api/enhanced_memory_api.py", line 340, in <module>
2026-03-01 22:51:26:     run_api()
2026-03-01 22:51:26:   File "/home/ubuntu/.openclaw/workspace/silhouette-brain/src/api/enhanced_memory_api.py", line 327, in run_api
2026-03-01 22:51:26:     server = ReuseAddressServer(('0.0.0.0', port), MemoryAPIHandler)
2026-03-01 22:51:26:              ^^^^^^^^^^^^^^^^^^^^^^^^^^^^^^^^^^^^^^^^^^^^^^^^^^^^^^^
2026-03-01 22:51:26:   File "/usr/lib/python3.12/socketserver.py", line 457, in __init__
2026-03-01 22:51:26:     self.server_bind()
2026-03-01 22:51:26:   File "/usr/lib/python3.12/http/server.py", line 136, in server_bind
2026-03-01 22:51:26:     socketserver.TCPServer.server_bind(self)
2026-03-01 22:51:26:   File "/usr/lib/python3.12/socketserver.py", line 473, in server_bind
2026-03-01 22:51:26:     self.socket.bind(self.server_address)
2026-03-01 22:51:26: OSError: [Errno 98] Address already in use
2026-03-01 22:51:28: Traceback (most recent call last):
2026-03-01 22:51:28:   File "/home/ubuntu/.openclaw/workspace/silhouette-brain/src/api/enhanced_memory_api.py", line 340, in <module>
2026-03-01 22:51:28:     run_api()
2026-03-01 22:51:28:   File "/home/ubuntu/.openclaw/workspace/silhouette-brain/src/api/enhanced_memory_api.py", line 327, in run_api
2026-03-01 22:51:28:     server = ReuseAddressServer(('0.0.0.0', port), MemoryAPIHandler)
2026-03-01 22:51:28: ^^^^^^^^^
2026-03-01 22:51:28:   File "/usr/lib/python3.12/socketserver.py", line 457, in __init__
2026-03-01 22:51:28:     self.server_bind()
2026-03-01 22:51:28:   File "/usr/lib/python3.12/http/server.py", line 136, in server_bind
2026-03-01 22:51:28:     socketserver.TCPServer.server_bind(self)
2026-03-01 22:51:28:   File "/usr/lib/python3.12/socketserver.py", line 473, in server_bind
2026-03-01 22:51:28:     self.socket.bind(self.server_address)
2026-03-01 22:51:28: OSError: [Errno 98] Address already in use
2026-03-01 22:51:31: Traceback (most recent call last):
2026-03-01 22:51:31:   File "/home/ubuntu/.openclaw/workspace/silhouette-brain/src/api/enhanced_memory_api.py", line 340, in <module>
2026-03-01 22:51:31:     run_api()
2026-03-01 22:51:31:   File "/home/ubuntu/.openclaw/workspace/silhouette-brain/src/api/enhanced_memory_api.py", line 327, in run_api
2026-03-01 22:51:31:     server = ReuseAddressServer(('0.0.0.0', port), MemoryAPIHandler)
2026-03-01 22:51:31:              ^^^^^^^^^^^^^^^^^^^^^^^^^^^^^^^^^^^^^^^^^^^^^^^^^^^^^^^
2026-03-01 22:51:31:   File "/usr/lib/python3.12/socketserver.py", line 457, in __init__
2026-03-01 22:51:31:     self.server_bind()
2026-03-01 22:51:31:   File "/usr/lib/python3.12/http/server.py", line 136, in server_bind
2026-03-01 22:51:31:     socketserver.TCPServer.server_bind(self)
2026-03-01 22:51:31:   File "/usr/lib/python3.12/socketserver.py", line 473, in server_bind
2026-03-01 22:51:31:     self.socket.bind(self.server_address)
2026-03-01 22:51:31: OSError: [Errno 98] Address already in use
2026-03-01 22:51:33: Traceback (most recent call last):
2026-03-01 22:51:33:   File "/home/ubuntu/.openclaw/workspace/silhouette-brain/src/api/enhanced_memory_api.py", line 340, in <module>
2026-03-01 22:51:33:     run_api()
2026-03-01 22:51:33:   File "/home/ubuntu/.openclaw/workspace/silhouette-brain/src/api/enhanced_memory_api.py", line 327, in run_api
2026-03-01 22:51:33:     server = ReuseAddressServer(('0.0.0.0', port), MemoryAPIHandler)
2026-03-01 22:51:33:              ^^^^^^^^^^^^^^^^^^^^^^^^^^^^^^^^^^^^^^^^^^^^^^^^^^^^^^^
2026-03-01 22:51:33:   File "/usr/lib/python3.12/socketserver.py", line 457, in __init__
2026-03-01 22:51:33:     self.server_bind()
2026-03-01 22:51:33:   File "/usr/lib/python3.12/http/server.py", line 136, in server_bind
2026-03-01 22:51:33:     socketserver.TCPServer.server_bind(self)
2026-03-01 22:51:33:   File "/usr/lib/python3.12/socketserver.py", line 473, in server_bind
2026-03-01 22:51:33:     self.socket.bind(self.server_address)
2026-03-01 22:51:33: OSError: [Errno 98] Address already in use
2026-03-01 22:51:35: Traceback (most recent call last):
2026-03-01 22:51:35:   File "/home/ubuntu/.openclaw/workspace/silhouette-brain/src/api/enhanced_memory_api.py", line 340, in <module>
2026-03-01 22:51:35:     run_api()
2026-03-01 22:51:35:   File "/home/ubuntu/.openclaw/workspace/silhouette-brain/src/api/enhanced_memory_api.py", line 327, in run_api
2026-03-01 22:51:35:     server = ReuseAddressServer(('0.0.0.0', port), MemoryAPIHandler)
2026-03-01 22:51:35:              ^^^^^^^^^^^^^^^^^^^^^^^^^^^^^^^^^^^^^^^^^^^^^^^^^^^^^^^
2026-03-01 22:51:35:   File "/usr/lib/python3.12/socketserver.py", line 457, in __init__
2026-03-01 22:51:35:     self.server_bind()
2026-03-01 22:51:35:   File "/usr/lib/python3.12/http/server.py", line 136, in server_bind
2026-03-01 22:51:35:     socketserver.TCPServer.server_bind(self)
2026-03-01 22:51:35:   File "/usr/lib/python3.12/socketserver.py", line 473, in server_bind
2026-03-01 22:51:35:     self.socket.bind(self.server_address)
2026-03-01 22:51:35: OSError: [Errno 98] Address already in use
2026-03-01 22:51:37: Traceback (most recent call last):
2026-03-01 22:51:37:   File "/home/ubuntu/.openclaw/workspace/silhouette-brain/src/api/enhanced_memory_api.py", line 340, in <module>
2026-03-01 22:51:37:     
2026-03-01 22:51:37: run_api()
2026-03-01 22:51:37:   File "/home/ubuntu/.openclaw/workspace/silhouette-brain/src/api/enhanced_memory_api.py", line 327, in run_api
2026-03-01 22:51:37:     server = ReuseAddressServer(('0.0.0.0', port), MemoryAPIHandler)
2026-03-01 22:51:37:              ^^^^^^^^^^^^^^^^^^^^^^^^^^^^^^^^^^^^^^^^^^^^^^^^^^^^^^^
2026-03-01 22:51:37:   File "/usr/lib/python3.12/socketserver.py", line 457, in __init__
2026-03-01 22:51:37:     self.server_bind()
2026-03-01 22:51:37:   File "/usr/lib/python3.12/http/server.py", line 136, in server_bind
2026-03-01 22:51:37:     socketserver.TCPServer.server_bind(self)
2026-03-01 22:51:37:   File "/usr/lib/python3.12/socketserver.py", line 473, in server_bind
2026-03-01 22:51:37:     self.socket.bind(self.server_address)
2026-03-01 22:51:37: OSError: [Errno 98] Address already in use
2026-03-01 22:51:39: Traceback (most recent call last):
2026-03-01 22:51:39:   File "/home/ubuntu/.openclaw/workspace/silhouette-brain/src/api/enhanced_memory_api.py", line 340, in <module>
2026-03-01 22:51:39:     run_api()
2026-03-01 22:51:39:   File "/home/ubuntu/.openclaw/workspace/silhouette-brain/src/api/enhanced_memory_api.py", line 327, in run_api
2026-03-01 22:51:39:     server = ReuseAddressServer(('0.0.0.0', port), MemoryAPIHandler)
2026-03-01 22:51:39:              ^^^^^^^^^^^^^^^^^^^^^^^^^^^^^^^^^^^^^^^^^^^^^^^^^^^^^^^
2026-03-01 22:51:39:   File "/usr/lib/python3.12/socketserver.py", line 457, in __init__
2026-03-01 22:51:39:     self.server_bind()
2026-03-01 22:51:39:   File "/usr/lib/python3.12/http/server.py", line 136, in server_bind
2026-03-01 22:51:39:     socketserver.TCPServer.server_bind(self)
2026-03-01 22:51:39:   File "/usr/lib/python3.12/socketserver.py", line 473, in server_bind
2026-03-01 22:51:39:     self.socket.bind(self.server_address)
2026-03-01 22:51:39: OSError: [Errno 98] Address already in use
2026-03-01 22:51:41: Traceback (most recent call last):
2026-03-01 22:51:41:   File "/home/ubuntu/.openclaw/workspace/silhouette-brain/src/api/enhanced_memory_api.py", line 340, in <module>
2026-03-01 22:51:41:     run_api()
2026-03-01 22:51:41:   File "/home/ubuntu/.openclaw/workspace/silhouette-brain/src/api/enhanced_memory_api.py", line 327, in run_api
2026-03-01 22:51:41:     server = ReuseAddressServer(('0.0.0.0', port), MemoryAPIHandler)
2026-03-01 22:51:41:              ^^^^^^^^^^^^^^^^^^^^^^^^^^^^^^^^^^^^^^^^^^^^^^^^^^^^^^^
2026-03-01 22:51:41:   File "/usr/lib/python3.12/socketserver.py", line 457, in __init__
2026-03-01 22:51:41:     self.server_bind()
2026-03-01 22:51:41:   File "/usr/lib/python3.12/http/server.py", line 136, in server_bind
2026-03-01 22:51:41:     socketserver.TCPServer.server_bind(self)
2026-03-01 22:51:41:   File "/usr/lib/python3.12/socketserver.py", line 473, in server_bind
2026-03-01 22:51:41:     self.socket.bind(self.server_address)
2026-03-01 22:51:41: OSError: [Errno 98] Address already in use
2026-03-01 22:51:43: Traceback (most recent call last):
2026-03-01 22:51:43:   File "/home/ubuntu/.openclaw/workspace/silhouette-brain/src/api/enhanced_memory_api.py", line 340, in <module>
2026-03-01 22:51:43:     run_api()
2026-03-01 22:51:43:   File "/home/ubuntu/.openclaw/workspace/silhouette-brain/src/api/enhanced_memory_api.py", line 327, in run_api
2026-03-01 22:51:43:     server = ReuseAddressServer(('0.0.0.0', port), MemoryAPIHandler)
2026-03-01 22:51:43:              ^^^^^^^^^^^^^^^^^^^^^^^^^^^^^^^^^^^^^^^^^^^^^^^^^^^^^^^
2026-03-01 22:51:43:   File "/usr/lib/python3.12/socketserver.py", line 457, in __init__
2026-03-01 22:51:43:     self.server_bind()
2026-03-01 22:51:43:   File "/usr/lib/python3.12/http/server.py", line 136, in server_bind
2026-03-01 22:51:43:     socketserver.TCPServer.server_bind(self)
2026-03-01 22:51:43:   File "/usr/lib/python3.12/socketserver.py", line 473, in server_bind
2026-03-01 22:51:43:     self.socket.bind(self.server_address)
2026-03-01 22:51:43: OSError: [Errno 98] Address already in use
2026-03-01 22:51:46: Traceback (most recent call last):
2026-03-01 22:51:46:   File "/home/ubuntu/.openclaw/workspace/silhouette-brain/src/api/enhanced_memory_api.py", line 340, in <module>
2026-03-01 22:51:46:     run_api()
2026-03-01 22:51:46:   File "/home/ubuntu/.openclaw/workspace/silhouette-brain/src/api/enhanced_memory_api.py", line 327, in run_api
2026-03-01 22:51:46:     server = ReuseAddressServer(('0.0.0.0', port), MemoryAPIHandler)
2026-03-01 22:51:46:              ^^^^^^^^^^^^^^^^^^^^^^^^^^^^^^^^^^^^^^^^^^^^^^^^^^^^^^^
2026-03-01 22:51:46:   File "/usr/lib/python3.12/socketserver.py", line 457, in __init__
2026-03-01 22:51:46:     self.server_bind()
2026-03-01 22:51:46:   File "/usr/lib/python3.12/http/server.py", line 136, in server_bind
2026-03-01 22:51:46:     socketserver.TCPServer.server_bind(self)
2026-03-01 22:51:46:   File "/usr/lib/python3.12/socketserver.py", line 473, in server_bind
2026-03-01 22:51:46:     self.socket.bind(self.server_address)
2026-03-01 22:51:46: OSError: [Errno 98] Address already in use
2026-03-01 22:51:48: Traceback (most recent call last):
2026-03-01 22:51:48:   File "/home/ubuntu/.openclaw/workspace/silhouette-brain/src/api/enhanced_memory_api.py", line 340, in <module>
2026-03-01 22:51:48:     run_api()
2026-03-01 22:51:48:   File "/home/ubuntu/.openclaw/workspace/silhouette-brain/src/api/enhanced_memory_api.py", line 327, in run_api
2026-03-01 22:51:48:     server = ReuseAddressServer(('0.0.0.0', port), MemoryAPIHandler)
2026-03-01 22:51:48:              ^^^^^^^^^^^^^^^^^^^^^^^^^^^^^^^^^^^^^^^^^^^^^^^^^^^^^^^
2026-03-01 22:51:48:   File "/usr/lib/python3.12/socketserver.py", line 457, in __init__
2026-03-01 22:51:48:     self.server_bind()
2026-03-01 22:51:48:   File "/usr/lib/python3.12/http/server.py", line 136, in server_bind
2026-03-01 22:51:48:     socketserver.TCPServer.server_bind(self)
2026-03-01 22:51:48:   File "/usr/lib/python3.12/socketserver.py", line 473, in server_bind
2026-03-01 22:51:48:     self.socket.bind(self.server_address)
2026-03-01 22:51:48: OSError: [Errno 98] Address already in use
2026-03-01 22:51:50: Traceback (most recent call last):
2026-03-01 22:51:50:   File "/home/ubuntu/.openclaw/workspace/silhouette-brain/src/api/enhanced_memory_api.py", line 340, in <module>
2026-03-01 22:51:50:     run_api()
2026-03-01 22:51:50:   File "/home/ubuntu/.openclaw/workspace/silhouette-brain/src/api/enhanced_memory_api.py", line 327, in run_api
2026-03-01 22:51:50:     server = ReuseAddressServer(('0.0.0.0', port), MemoryAPIHandler)
2026-03-01 22:51:50:              ^^^^^^^^^^^^^^^^^^^^^^^^^^^^^^^^^^^^^^^^^^^^^^^^^^^^^^^
2026-03-01 22:51:50:   File "/usr/lib/python3.12/socketserver.py", line 457, in __init__
2026-03-01 22:51:50:     self.server_bind()
2026-03-01 22:51:50:   File "/usr/lib/python3.12/http/server.py", line 136, in server_bind
2026-03-01 22:51:50:     socketserver.TCPServer.server_bind(self)
2026-03-01 22:51:50:   File "/usr/lib/python3.12/socketserver.py", line 473, in server_bind
2026-03-01 22:51:50:     self.socket.bind(self.server_address)
2026-03-01 22:51:50: OSError: [Errno 98] Address already in use
2026-03-01 22:51:52: Traceback (most recent call last):
2026-03-01 22:51:52:   File "/home/ubuntu/.openclaw/workspace/silhouette-brain/src/api/enhanced_memory_api.py", line 340, in <module>
2026-03-01 22:51:52:     
2026-03-01 22:51:52: run_api()
2026-03-01 22:51:52:   File "/home/ubuntu/.openclaw/workspace/silhouette-brain/src/api/enhanced_memory_api.py", line 327, in run_api
2026-03-01 22:51:52:     server = ReuseAddressServer(('0.0.0.0', port), MemoryAPIHandler)
2026-03-01 22:51:52:              ^^^^^^^^^^^^^^^^^^^^^^^^^^^^^^^^^^^^^^^^^^^^^^^^^^^^^^^
2026-03-01 22:51:52:   File "/usr/lib/python3.12/socketserver.py", line 457, in __init__
2026-03-01 22:51:52:     self.server_bind()
2026-03-01 22:51:52:   File "/usr/lib/python3.12/http/server.py", line 136, in server_bind
2026-03-01 22:51:52:     socketserver.TCPServer.server_bind(self)
2026-03-01 22:51:52:   File "/usr/lib/python3.12/socketserver.py", line 473, in server_bind
2026-03-01 22:51:52:     self.socket.bind(self.server_address)
2026-03-01 22:51:52: OSError: [Errno 98] Address already in use
2026-03-01 22:51:54: Traceback (most recent call last):
2026-03-01 22:51:54:   File "/home/ubuntu/.openclaw/workspace/silhouette-brain/src/api/enhanced_memory_api.py", line 340, in <module>
2026-03-01 22:51:54:     
2026-03-01 22:51:54: run_api()
2026-03-01 22:51:54: 
2026-03-01 22:51:54:   File "/home/ubuntu/.openclaw/workspace/silhouette-brain/src/api/enhanced_memory_api.py", line 327, in run_api
2026-03-01 22:51:54:     
2026-03-01 22:51:54: server = ReuseAddressServer(('0.0.0.0', port), MemoryAPIHandler)
2026-03-01 22:51:54: 
2026-03-01 22:51:54:  
2026-03-01 22:51:54:  
2026-03-01 22:51:54:            ^^^^^^^^^^^^^^^^^^^^^^^^^^^^^^^^^^^^^^^^^^^^^^^^^^^^^^^
2026-03-01 22:51:54:   File "/usr/lib/python3.12/socketserver.py", line 457, in __init__
2026-03-01 22:51:54:     self.server_bind()
2026-03-01 22:51:54:   File "/usr/lib/python3.12/http/server.py", line 136, in server_bind
2026-03-01 22:51:54:     socketserver.TCPServer.server_bind(self)
2026-03-01 22:51:54:   File "/usr/lib/python3.12/socketserver.py", line 473, in server_bind
2026-03-01 22:51:54:     self.socket.bind(self.server_address)
2026-03-01 22:51:54: OSError: [Errno 98] Address already in use
2026-03-01 22:51:56: Traceback (most recent call last):
2026-03-01 22:51:56:   File "/home/ubuntu/.openclaw/workspace/silhouette-brain/src/api/enhanced_memory_api.py", line 340, in <module>
2026-03-01 22:51:56:     run_api()
2026-03-01 22:51:56:   File "/home/ubuntu/.openclaw/workspace/silhouette-brain/src/api/enhanced_memory_api.py", line 327, in run_api
2026-03-01 22:51:56:     server = ReuseAddressServer(('0.0.0.0', port), MemoryAPIHandler)
2026-03-01 22:51:56:              ^^^^^^^^^^^^^^^^^^^^^^^^^^^^^^^^^^^^^^^^^^^^^^^^^^^^^^^
2026-03-01 22:51:56:   File "/usr/lib/python3.12/socketserver.py", line 457, in __init__
2026-03-01 22:51:56:     self.server_bind()
2026-03-01 22:51:56:   File "/usr/lib/python3.12/http/server.py", line 136, in server_bind
2026-03-01 22:51:56:     socketserver.TCPServer.server_bind(self)
2026-03-01 22:51:56:   File "/usr/lib/python3.12/socketserver.py", line 473, in server_bind
2026-03-01 22:51:56:     self.socket.bind(self.server_address)
2026-03-01 22:51:56: OSError: [Errno 98] Address already in use
2026-03-01 22:51:58: Traceback (most recent call last):
2026-03-01 22:51:58:   File "/home/ubuntu/.openclaw/workspace/silhouette-brain/src/api/enhanced_memory_api.py", line 340, in <module>
2026-03-01 22:51:58:     run_api()
2026-03-01 22:51:58:   File "/home/ubuntu/.openclaw/workspace/silhouette-brain/src/api/enhanced_memory_api.py", line 327, in run_api
2026-03-01 22:51:58:     server = ReuseAddressServer(('0.0.0.0', port), MemoryAPIHandler)
2026-03-01 22:51:58:              ^^^^^^^^^^^^^^^^^^^^^^^^^^^^^^^^^^^^^^^^^^^^^^^^^^^^^^^
2026-03-01 22:51:58:   File "/usr/lib/python3.12/socketserver.py", line 457, in __init__
2026-03-01 22:51:58:     self.server_bind()
2026-03-01 22:51:58:   File "/usr/lib/python3.12/http/server.py", line 136, in server_bind
2026-03-01 22:51:58:     socketserver.TCPServer.server_bind(self)
2026-03-01 22:51:58:   File "/usr/lib/python3.12/socketserver.py", line 473, in server_bind
2026-03-01 22:51:58:     self.socket.bind(self.server_address)
2026-03-01 22:51:58: OSError: [Errno 98] Address already in use
2026-03-01 22:52:01: Traceback (most recent call last):
2026-03-01 22:52:01:   File "/home/ubuntu/.openclaw/workspace/silhouette-brain/src/api/enhanced_memory_api.py", line 340, in <module>
2026-03-01 22:52:01:     run_api()
2026-03-01 22:52:01:   File "/home/ubuntu/.openclaw/workspace/silhouette-brain/src/api/enhanced_memory_api.py", line 327, in run_api
2026-03-01 22:52:01:     server = ReuseAddressServer(('0.0.0.0', port), MemoryAPIHandler)
2026-03-01 22:52:01:              ^^^^^^^^^^^^^^^^^^^^^^^^^^^^^^^^^^^^^^^^^^^^^^^^^^^^^^^
2026-03-01 22:52:01:   File "/usr/lib/python3.12/socketserver.py", line 457, in __init__
2026-03-01 22:52:01:     self.server_bind()
2026-03-01 22:52:01:   File "/usr/lib/python3.12/http/server.py", line 136, in server_bind
2026-03-01 22:52:01:     socketserver.TCPServer.server_bind(self)
2026-03-01 22:52:01:   File "/usr/lib/python3.12/socketserver.py", line 473, in server_bind
2026-03-01 22:52:01:     self.socket.bind(self.server_address)
2026-03-01 22:52:01: OSError: [Errno 98] Address already in use
2026-03-01 22:52:03: Traceback (most recent call last):
2026-03-01 22:52:03:   File "/home/ubuntu/.openclaw/workspace/silhouette-brain/src/api/enhanced_memory_api.py", line 340, in <module>
2026-03-01 22:52:03:     run_api()
2026-03-01 22:52:03:   File "/home/ubuntu/.openclaw/workspace/silhouette-brain/src/api/enhanced_memory_api.py", line 327, in run_api
2026-03-01 22:52:03:     server = ReuseAddressServer(('0.0.0.0', port), MemoryAPIHandler)
2026-03-01 22:52:03:              ^^^^^^^^^^^^^^^^^^^^^^^^^^^^^^^^^^^^^^^^^^^^^^^^^^^^^^^
2026-03-01 22:52:03:   File "/usr/lib/python3.12/socketserver.py", line 457, in __init__
2026-03-01 22:52:03:     self.server_bind()
2026-03-01 22:52:03:   File "/usr/lib/python3.12/http/server.py", line 136, in server_bind
2026-03-01 22:52:03:     socketserver.TCPServer.server_bind(self)
2026-03-01 22:52:03:   File "/usr/lib/python3.12/socketserver.py", line 473, in server_bind
2026-03-01 22:52:03:     self.socket.bind(self.server_address)
2026-03-01 22:52:03: OSError: [Errno 98] Address already in use
2026-03-01 22:52:05: Traceback (most recent call last):
2026-03-01 22:52:05:   File "/home/ubuntu/.openclaw/workspace/silhouette-brain/src/api/enhanced_memory_api.py", line 340, in <module>
2026-03-01 22:52:05:     
2026-03-01 22:52:05: run_api()
2026-03-01 22:52:05: 
2026-03-01 22:52:05:   File "/home/ubuntu/.openclaw/workspace/silhouette-brain/src/api/enhanced_memory_api.py", line 327, in run_api
2026-03-01 22:52:05:     server = ReuseAddressServer(('0.0.0.0', port), MemoryAPIHandler)
2026-03-01 22:52:05:              ^^^^^^^^^^^^^^^^^^^^^^^^^^^^^^^^^^^^^^^^^^^^^^^^^^^^^^^
2026-03-01 22:52:05:   File "/usr/lib/python3.12/socketserver.py", line 457, in __init__
2026-03-01 22:52:05:     self.server_bind()
2026-03-01 22:52:05:   File "/usr/lib/python3.12/http/server.py", line 136, in server_bind
2026-03-01 22:52:05:     socketserver.TCPServer.server_bind(self)
2026-03-01 22:52:05:   File "/usr/lib/python3.12/socketserver.py", line 473, in server_bind
2026-03-01 22:52:05:     self.socket.bind(self.server_address)
2026-03-01 22:52:05: OSError: [Errno 98] Address already in use
2026-03-01 22:52:08: Traceback (most recent call last):
2026-03-01 22:52:08:   File "/home/ubuntu/.openclaw/workspace/silhouette-brain/src/api/enhanced_memory_api.py", line 340, in <module>
2026-03-01 22:52:08:     run_api()
2026-03-01 22:52:08:   File "/home/ubuntu/.openclaw/workspace/silhouette-brain/src/api/enhanced_memory_api.py", line 327, in run_api
2026-03-01 22:52:08:     server = ReuseAddressServer(('0.0.0.0', port), MemoryAPIHandler)
2026-03-01 22:52:08:              ^^^^^^^^^^^^^^^^^^^^^^^^^^^^^^^^^^^^^^^^^^^^^^^^^^^^^^^
2026-03-01 22:52:08:   File "/usr/lib/python3.12/socketserver.py", line 457, in __init__
2026-03-01 22:52:08:     self.server_bind()
2026-03-01 22:52:08:   File "/usr/lib/python3.12/http/server.py", line 136, in server_bind
2026-03-01 22:52:08:     socketserver.TCPServer.server_bind(self)
2026-03-01 22:52:08:   File "/usr/lib/python3.12/socketserver.py", line 473, in server_bind
2026-03-01 22:52:08:     self.socket.bind(self.server_address)
2026-03-01 22:52:08: [Errno 98] Address already in use
2026-03-01 22:52:10: Traceback (most recent call last):
2026-03-01 22:52:10:   File "/home/ubuntu/.openclaw/workspace/silhouette-brain/src/api/enhanced_memory_api.py", line 340, in <module>
2026-03-01 22:52:10:     
2026-03-01 22:52:10: run_api()
2026-03-01 22:52:10: 
2026-03-01 22:52:10:   File "/home/ubuntu/.openclaw/workspace/silhouette-brain/src/api/enhanced_memory_api.py", line 327, in run_api
2026-03-01 22:52:10:     server = ReuseAddressServer(('0.0.0.0', port), MemoryAPIHandler)
2026-03-01 22:52:10:              ^^^^^^^^^^^^^^^^^^^^^^^^^^^^^^^^^^^^^^^^^^^^^^^^^^^^^^^
2026-03-01 22:52:10:   File "/usr/lib/python3.12/socketserver.py", line 457, in __init__
2026-03-01 22:52:10:     self.server_bind()
2026-03-01 22:52:10:   File "/usr/lib/python3.12/http/server.py", line 136, in server_bind
2026-03-01 22:52:10:     socketserver.TCPServer.server_bind(self)
2026-03-01 22:52:10:   File "/usr/lib/python3.12/socketserver.py", line 473, in server_bind
2026-03-01 22:52:10:     self.socket.bind(self.server_address)
2026-03-01 22:52:10: OSError: [Errno 98] Address already in use
2026-03-01 22:52:12: Traceback (most recent call last):
2026-03-01 22:52:12:   File "/home/ubuntu/.openclaw/workspace/silhouette-brain/src/api/enhanced_memory_api.py", line 340, in <module>
2026-03-01 22:52:12:     run_api()
2026-03-01 22:52:12:   File "/home/ubuntu/.openclaw/workspace/silhouette-brain/src/api/enhanced_memory_api.py", line 327, in run_api
2026-03-01 22:52:12:     server = ReuseAddressServer(('0.0.0.0', port), MemoryAPIHandler)
2026-03-01 22:52:12:              ^^^^^^^^^^^^^^^^^^^^^^^^^^^^^^^^^^^^^^^^^^^^^^^^^^^^^^^
2026-03-01 22:52:12:   File "/usr/lib/python3.12/socketserver.py", line 457, in __init__
2026-03-01 22:52:12:     self.server_bind()
2026-03-01 22:52:12:   File "/usr/lib/python3.12/http/server.py", line 136, in server_bind
2026-03-01 22:52:12:     socketserver.TCPServer.server_bind(self)
2026-03-01 22:52:12:   File "/usr/lib/python3.12/socketserver.py", line 473, in server_bind
2026-03-01 22:52:12:     self.socket.bind(self.server_address)
2026-03-01 22:52:12: OSError: [Errno 98] Address already in use
2026-03-01 22:52:15: Traceback (most recent call last):
2026-03-01 22:52:15:   File "/home/ubuntu/.openclaw/workspace/silhouette-brain/src/api/enhanced_memory_api.py", line 340, in <module>
2026-03-01 22:52:15:     run_api()
2026-03-01 22:52:15:   File "/home/ubuntu/.openclaw/workspace/silhouette-brain/src/api/enhanced_memory_api.py", line 327, in run_api
2026-03-01 22:52:15:     server = ReuseAddressServer(('0.0.0.0', port), MemoryAPIHandler)
2026-03-01 22:52:15:              ^^^^^^^^^^^^^^^^^^^^^^^^^^^^^^^^^^^^^^^^^^^^^^^^^^^^^^^
2026-03-01 22:52:15:   File "/usr/lib/python3.12/socketserver.py", line 457, in __init__
2026-03-01 22:52:15:     self.server_bind()
2026-03-01 22:52:15:   File "/usr/lib/python3.12/http/server.py", line 136, in server_bind
2026-03-01 22:52:15:     socketserver.TCPServer.server_bind(self)
2026-03-01 22:52:15:   File "/usr/lib/python3.12/socketserver.py", line 473, in server_bind
2026-03-01 22:52:15:     self.socket.bind(self.server_address)
2026-03-01 22:52:15: OSError: [Errno 98] Address already in use
2026-03-01 22:52:17: Traceback (most recent call last):
2026-03-01 22:52:17:   File "/home/ubuntu/.openclaw/workspace/silhouette-brain/src/api/enhanced_memory_api.py", line 340, in <module>
2026-03-01 22:52:17:     run_api()
2026-03-01 22:52:17:   File "/home/ubuntu/.openclaw/workspace/silhouette-brain/src/api/enhanced_memory_api.py", line 327, in run_api
2026-03-01 22:52:17:     server = ReuseAddressServer(('0.0.0.0', port), MemoryAPIHandler)
2026-03-01 22:52:17:              ^^^^^^^^^^^^^^^^^^^^^^^^^^^^^^^^^^^^^^^^^^^^^^^^^^^^^^^
2026-03-01 22:52:17:   File "/usr/lib/python3.12/socketserver.py", line 457, in __init__
2026-03-01 22:52:17:     self.server_bind()
2026-03-01 22:52:17:   File "/usr/lib/python3.12/http/server.py", line 136, in server_bind
2026-03-01 22:52:17:     socketserver.TCPServer.server_bind(self)
2026-03-01 22:52:17:   File "/usr/lib/python3.12/socketserver.py", line 473, in server_bind
2026-03-01 22:52:17:     self.socket.bind(self.server_address)
2026-03-01 22:52:17: OSError: [Errno 98] Address already in use
2026-03-01 22:52:19: Traceback (most recent call last):
2026-03-01 22:52:19:   File "/home/ubuntu/.openclaw/workspace/silhouette-brain/src/api/enhanced_memory_api.py", line 340, in <module>
2026-03-01 22:52:19:     run_api()
2026-03-01 22:52:19:   File "/home/ubuntu/.openclaw/workspace/silhouette-brain/src/api/enhanced_memory_api.py", line 327, in run_api
2026-03-01 22:52:19:     server = ReuseAddressServer(('0.0.0.0', port), MemoryAPIHandler)
2026-03-01 22:52:19:              ^^^^^^^^^^^^^^^^^^^^^^^^^^^^^^^^^^^^^^^^^^^^^^^^^^^^^^^
2026-03-01 22:52:19:   File "/usr/lib/python3.12/socketserver.py", line 457, in __init__
2026-03-01 22:52:19:     self.server_bind()
2026-03-01 22:52:19:   File "/usr/lib/python3.12/http/server.py", line 136, in server_bind
2026-03-01 22:52:19:     socketserver.TCPServer.server_bind(self)
2026-03-01 22:52:19:   File "/usr/lib/python3.12/socketserver.py", line 473, in server_bind
2026-03-01 22:52:19:     self.socket.bind(self.server_address)
2026-03-01 22:52:19: OSError: [Errno 98] Address already in use
2026-03-01 22:52:21: Traceback (most recent call last):
2026-03-01 22:52:21:   File "/home/ubuntu/.openclaw/workspace/silhouette-brain/src/api/enhanced_memory_api.py", line 340, in <module>
2026-03-01 22:52:21:     run_api()
2026-03-01 22:52:21:   File "/home/ubuntu/.openclaw/workspace/silhouette-brain/src/api/enhanced_memory_api.py", line 327, in run_api
2026-03-01 22:52:21:     server = ReuseAddressServer(('0.0.0.0', port), MemoryAPIHandler)
2026-03-01 22:52:21:              ^^^^^^^^^^^^^^^^^^^^^^^^^^^^^^^^^^^^^^^^^^^^^^^^^^^^^^^
2026-03-01 22:52:21:   File "/usr/lib/python3.12/socketserver.py", line 457, in __init__
2026-03-01 22:52:21:     self.server_bind()
2026-03-01 22:52:21:   File "/usr/lib/python3.12/http/server.py", line 136, in server_bind
2026-03-01 22:52:21:     socketserver.TCPServer.server_bind(self)
2026-03-01 22:52:21:   File "/usr/lib/python3.12/socketserver.py", line 473, in server_bind
2026-03-01 22:52:21:     self.socket.bind(self.server_address)
2026-03-01 22:52:21: OSError: [Errno 98] Address already in use
2026-03-01 22:52:24: Traceback (most recent call last):
2026-03-01 22:52:24:   File "/home/ubuntu/.openclaw/workspace/silhouette-brain/src/api/enhanced_memory_api.py", line 340, in <module>
2026-03-01 22:52:24:     run_api()
2026-03-01 22:52:24:   File "/home/ubuntu/.openclaw/workspace/silhouette-brain/src/api/enhanced_memory_api.py", line 327, in run_api
2026-03-01 22:52:24:     server = ReuseAddressServer(('0.0.0.0', port), MemoryAPIHandler)
2026-03-01 22:52:24:              ^^^^^^^^^^^^^^^^^^^^^^^^^^^^^^^^^^^^^^^^^^^^^^^^^^^^^^^
2026-03-01 22:52:24:   File "/usr/lib/python3.12/socketserver.py", line 457, in __init__
2026-03-01 22:52:24:     self.server_bind()
2026-03-01 22:52:24:   File "/usr/lib/python3.12/http/server.py", line 136, in server_bind
2026-03-01 22:52:24:     socketserver.TCPServer.server_bind(self)
2026-03-01 22:52:24:   File "/usr/lib/python3.12/socketserver.py", line 473, in server_bind
2026-03-01 22:52:24:     self.socket.bind(self.server_address)
2026-03-01 22:52:24: OSError: [Errno 98] Address already in use
2026-03-01 22:52:26: Traceback (most recent call last):
2026-03-01 22:52:26:   File "/home/ubuntu/.openclaw/workspace/silhouette-brain/src/api/enhanced_memory_api.py", line 340, in <module>
2026-03-01 22:52:26:     run_api()
2026-03-01 22:52:26:   File "/home/ubuntu/.openclaw/workspace/silhouette-brain/src/api/enhanced_memory_api.py", line 327, in run_api
2026-03-01 22:52:26:     server = ReuseAddressServer(('0.0.0.0', port), MemoryAPIHandler)
2026-03-01 22:52:26:              ^^^^^^^^^^^^^^^^^^^^^^^^^^^^^^^^^^^^^^^^^^^^^^^^^^^^^^^
2026-03-01 22:52:26:   File "/usr/lib/python3.12/socketserver.py", line 457, in __init__
2026-03-01 22:52:26:     self.server_bind()
2026-03-01 22:52:26:   File "/usr/lib/python3.12/http/server.py", line 136, in server_bind
2026-03-01 22:52:26:     socketserver.TCPServer.server_bind(self)
2026-03-01 22:52:26:   File "/usr/lib/python3.12/socketserver.py", line 473, in server_bind
2026-03-01 22:52:26:     self.socket.bind(self.server_address)
2026-03-01 22:52:26: OSError: [Errno 98] Address already in use
2026-03-01 22:52:28: Traceback (most recent call last):
2026-03-01 22:52:28:   File "/home/ubuntu/.openclaw/workspace/silhouette-brain/src/api/enhanced_memory_api.py", line 340, in <module>
2026-03-01 22:52:28:     run_api()
2026-03-01 22:52:28:   File "/home/ubuntu/.openclaw/workspace/silhouette-brain/src/api/enhanced_memory_api.py", line 327, in run_api
2026-03-01 22:52:28:     server = ReuseAddressServer(('0.0.0.0', port), MemoryAPIHandler)
2026-03-01 22:52:28:              ^^^^^^^^^^^^^^^^^^^^^^^^^^^^^^^^^^^^^^^^^^^^^^^^^^^^^^^
2026-03-01 22:52:28:   File "/usr/lib/python3.12/socketserver.py", line 457, in __init__
2026-03-01 22:52:28:     self.server_bind()
2026-03-01 22:52:28:   File "/usr/lib/python3.12/http/server.py", line 136, in server_bind
2026-03-01 22:52:28:     socketserver.TCPServer.server_bind(self)
2026-03-01 22:52:28:   File "/usr/lib/python3.12/socketserver.py", line 473, in server_bind
2026-03-01 22:52:28:     self.socket.bind(self.server_address)
2026-03-01 22:52:28: : 
2026-03-01 22:52:28: [Errno 98] Address already in use
2026-03-01 22:52:31: Traceback (most recent call last):
2026-03-01 22:52:31:   File "/home/ubuntu/.openclaw/workspace/silhouette-brain/src/api/enhanced_memory_api.py", line 340, in <module>
2026-03-01 22:52:31:     run_api()
2026-03-01 22:52:31:   File "/home/ubuntu/.openclaw/workspace/silhouette-brain/src/api/enhanced_memory_api.py", line 327, in run_api
2026-03-01 22:52:31:     server = ReuseAddressServer(('0.0.0.0', port), MemoryAPIHandler)
2026-03-01 22:52:31:              ^^^^^^^^^^^^^^^^^^^^^^^^^^^^^^^^^^^^^^^^^^^^^^^^^^^^^^^
2026-03-01 22:52:31:   File "/usr/lib/python3.12/socketserver.py", line 457, in __init__
2026-03-01 22:52:31:     self.server_bind()
2026-03-01 22:52:31:   File "/usr/lib/python3.12/http/server.py", line 136, in server_bind
2026-03-01 22:52:31:     socketserver.TCPServer.server_bind(self)
2026-03-01 22:52:31:   File "/usr/lib/python3.12/socketserver.py", line 473, in server_bind
2026-03-01 22:52:31:     self.socket.bind(self.server_address)
2026-03-01 22:52:31: OSError: [Errno 98] Address already in use
2026-03-01 22:52:33: Traceback (most recent call last):
2026-03-01 22:52:33:   File "/home/ubuntu/.openclaw/workspace/silhouette-brain/src/api/enhanced_memory_api.py", line 340, in <module>
2026-03-01 22:52:33:     run_api()
2026-03-01 22:52:33:   File "/home/ubuntu/.openclaw/workspace/silhouette-brain/src/api/enhanced_memory_api.py", line 327, in run_api
2026-03-01 22:52:33:     server = ReuseAddressServer(('0.0.0.0', port), MemoryAPIHandler)
2026-03-01 22:52:33:              ^^^^^^^^^^^^^^^^^^^^^^^^^^^^^^^^^^^^^^^^^^^^^^^^^^^^^^^
2026-03-01 22:52:33:   File "/usr/lib/python3.12/socketserver.py", line 457, in __init__
2026-03-01 22:52:33:     self.server_bind()
2026-03-01 22:52:33:   File "/usr/lib/python3.12/http/server.py", line 136, in server_bind
2026-03-01 22:52:33:     socketserver.TCPServer.server_bind(self)
2026-03-01 22:52:33:   File "/usr/lib/python3.12/socketserver.py", line 473, in server_bind
2026-03-01 22:52:33:     self.socket.bind(self.server_address)
2026-03-01 22:52:33: OSError: [Errno 98] Address already in use
2026-03-01 22:52:35: Traceback (most recent call last):
2026-03-01 22:52:35:   File "/home/ubuntu/.openclaw/workspace/silhouette-brain/src/api/enhanced_memory_api.py", line 340, in <module>
2026-03-01 22:52:35:     run_api()
2026-03-01 22:52:35:   File "/home/ubuntu/.openclaw/workspace/silhouette-brain/src/api/enhanced_memory_api.py", line 327, in run_api
2026-03-01 22:52:35:     server = ReuseAddressServer(('0.0.0.0', port), MemoryAPIHandler)
2026-03-01 22:52:35:              ^^^^^^^^^^^^^^^^^^^^^^^^^^^^^^^^^^^^^^^^^^^^^^^^^^^^^^^
2026-03-01 22:52:35:   File "/usr/lib/python3.12/socketserver.py", line 457, in __init__
2026-03-01 22:52:35:     self.server_bind()
2026-03-01 22:52:35:   File "/usr/lib/python3.12/http/server.py", line 136, in server_bind
2026-03-01 22:52:35:     socketserver.TCPServer.server_bind(self)
2026-03-01 22:52:35:   File "/usr/lib/python3.12/socketserver.py", line 473, in server_bind
2026-03-01 22:52:35:     self.socket.bind(self.server_address)
2026-03-01 22:52:35: OSError: [Errno 98] Address already in use
2026-03-01 22:52:37: Traceback (most recent call last):
2026-03-01 22:52:37:   File "/home/ubuntu/.openclaw/workspace/silhouette-brain/src/api/enhanced_memory_api.py", line 340, in <module>
2026-03-01 22:52:37:     run_api()
2026-03-01 22:52:37:   File "/home/ubuntu/.openclaw/workspace/silhouette-brain/src/api/enhanced_memory_api.py", line 327, in run_api
2026-03-01 22:52:37:     server = ReuseAddressServer(('0.0.0.0', port), MemoryAPIHandler)
2026-03-01 22:52:37:              ^^^^^^^^^^^^^^^^^^^^^^^^^^^^^^^^^^^^^^^^^^^^^^^^^^^^^^^
2026-03-01 22:52:37:   File "/usr/lib/python3.12/socketserver.py", line 457, in __init__
2026-03-01 22:52:37:     self.server_bind()
2026-03-01 22:52:37:   File "/usr/lib/python3.12/http/server.py", line 136, in server_bind
2026-03-01 22:52:37:     socketserver.TCPServer.server_bind(self)
2026-03-01 22:52:37:   File "/usr/lib/python3.12/socketserver.py", line 473, in server_bind
2026-03-01 22:52:37:     self.socket.bind(self.server_address)
2026-03-01 22:52:37: OSError: [Errno 98] Address already in use
2026-03-01 22:52:40: Traceback (most recent call last):
2026-03-01 22:52:40:   File "/home/ubuntu/.openclaw/workspace/silhouette-brain/src/api/enhanced_memory_api.py", line 340, in <module>
2026-03-01 22:52:40:     run_api()
2026-03-01 22:52:40:   File "/home/ubuntu/.openclaw/workspace/silhouette-brain/src/api/enhanced_memory_api.py", line 327, in run_api
2026-03-01 22:52:40:     server = ReuseAddressServer(('0.0.0.0', port), MemoryAPIHandler)
2026-03-01 22:52:40:              ^^^^^^^^^^^^^^^^^^^^^^^^^^^^^^^^^^^^^^^^^^^^^^^^^^^^^^^
2026-03-01 22:52:40:   File "/usr/lib/python3.12/socketserver.py", line 457, in __init__
2026-03-01 22:52:40:     self.server_bind()
2026-03-01 22:52:40:   File "/usr/lib/python3.12/http/server.py", line 136, in server_bind
2026-03-01 22:52:40:     socketserver.TCPServer.server_bind(self)
2026-03-01 22:52:40:   File "/usr/lib/python3.12/socketserver.py", line 473, in server_bind
2026-03-01 22:52:40:     self.socket.bind(self.server_address)
2026-03-01 22:52:40: OSError: [Errno 98] Address already in use
2026-03-01 22:52:42: Traceback (most recent call last):
2026-03-01 22:52:42:   File "/home/ubuntu/.openclaw/workspace/silhouette-brain/src/api/enhanced_memory_api.py", line 340, in <module>
2026-03-01 22:52:42:     run_api()
2026-03-01 22:52:42:   File "/home/ubuntu/.openclaw/workspace/silhouette-brain/src/api/enhanced_memory_api.py", line 327, in run_api
2026-03-01 22:52:42:     server = ReuseAddressServer(('0.0.0.0', port), MemoryAPIHandler)
2026-03-01 22:52:42:              ^^^^^^^^^^^^^^^^^^^^^^^^^^^^^^^^^^^^^^^^^^^^^^^^^^^^^^^
2026-03-01 22:52:42:   File "/usr/lib/python3.12/socketserver.py", line 457, in __init__
2026-03-01 22:52:42:     self.server_bind()
2026-03-01 22:52:42:   File "/usr/lib/python3.12/http/server.py", line 136, in server_bind
2026-03-01 22:52:42:     socketserver.TCPServer.server_bind(self)
2026-03-01 22:52:42:   File "/usr/lib/python3.12/socketserver.py", line 473, in server_bind
2026-03-01 22:52:42:     self.socket.bind(self.server_address)
2026-03-01 22:52:42: OSError: [Errno 98] Address already in use
2026-03-01 22:52:44: Traceback (most recent call last):
2026-03-01 22:52:44:   File "/home/ubuntu/.openclaw/workspace/silhouette-brain/src/api/enhanced_memory_api.py", line 340, in <module>
2026-03-01 22:52:44:     run_api()
2026-03-01 22:52:44:   File "/home/ubuntu/.openclaw/workspace/silhouette-brain/src/api/enhanced_memory_api.py", line 327, in run_api
2026-03-01 22:52:44:     server = ReuseAddressServer(('0.0.0.0', port), MemoryAPIHandler)
2026-03-01 22:52:44:              ^^^^^^^^^^^^^^^^^^^^^^^^^^^^^^^^^^^^^^^^^^^^^^^^^^^^^^^
2026-03-01 22:52:44:   File "/usr/lib/python3.12/socketserver.py", line 457, in __init__
2026-03-01 22:52:44:     self.server_bind()
2026-03-01 22:52:44:   File "/usr/lib/python3.12/http/server.py", line 136, in server_bind
2026-03-01 22:52:44:     socketserver.TCPServer.server_bind(self)
2026-03-01 22:52:44:   File "/usr/lib/python3.12/socketserver.py", line 473, in server_bind
2026-03-01 22:52:44:     self.socket.bind(self.server_address)
2026-03-01 22:52:44: OSError: [Errno 98] Address already in use
2026-03-01 22:52:47: Traceback (most recent call last):
2026-03-01 22:52:47:   File "/home/ubuntu/.openclaw/workspace/silhouette-brain/src/api/enhanced_memory_api.py", line 340, in <module>
2026-03-01 22:52:47:     run_api()
2026-03-01 22:52:47:   File "/home/ubuntu/.openclaw/workspace/silhouette-brain/src/api/enhanced_memory_api.py", line 327, in run_api
2026-03-01 22:52:47:     server = ReuseAddressServer(('0.0.0.0', port), MemoryAPIHandler)
2026-03-01 22:52:47:              ^^^^^^^^^^^^^^^^^^^^^^^^^^^^^^^^^^^^^^^^^^^^^^^^^^^^^^^
2026-03-01 22:52:47:   File "/usr/lib/python3.12/socketserver.py", line 457, in __init__
2026-03-01 22:52:47:     self.server_bind()
2026-03-01 22:52:47:   File "/usr/lib/python3.12/http/server.py", line 136, in server_bind
2026-03-01 22:52:47:     socketserver.TCPServer.server_bind(self)
2026-03-01 22:52:47:   File "/usr/lib/python3.12/socketserver.py", line 473, in server_bind
2026-03-01 22:52:47:     self.socket.bind(self.server_address)
2026-03-01 22:52:47: OSError: [Errno 98] Address already in use
2026-03-01 22:52:49: Traceback (most recent call last):
2026-03-01 22:52:49:   File "/home/ubuntu/.openclaw/workspace/silhouette-brain/src/api/enhanced_memory_api.py", line 340, in <module>
2026-03-01 22:52:49:     run_api()
2026-03-01 22:52:49:   File "/home/ubuntu/.openclaw/workspace/silhouette-brain/src/api/enhanced_memory_api.py", line 327, in run_api
2026-03-01 22:52:49:     server = ReuseAddressServer(('0.0.0.0', port), MemoryAPIHandler)
2026-03-01 22:52:49:              ^^^^^^^^^^^^^^^^^^^^^^^^^^^^^^^^^^^^^^^^^^^^^^^^^^^^^^^
2026-03-01 22:52:49:   File "/usr/lib/python3.12/socketserver.py", line 457, in __init__
2026-03-01 22:52:49:     self.server_bind()
2026-03-01 22:52:49:   File "/usr/lib/python3.12/http/server.py", line 136, in server_bind
2026-03-01 22:52:49:     socketserver.TCPServer.server_bind(self)
2026-03-01 22:52:49:   File "/usr/lib/python3.12/socketserver.py", line 473, in server_bind
2026-03-01 22:52:49:     self.socket.bind(self.server_address)
2026-03-01 22:52:49: OSError: [Errno 98] Address already in use
2026-03-01 22:52:51: Traceback (most recent call last):
2026-03-01 22:52:51:   File "/home/ubuntu/.openclaw/workspace/silhouette-brain/src/api/enhanced_memory_api.py", line 340, in <module>
2026-03-01 22:52:51:     run_api()
2026-03-01 22:52:51:   File "/home/ubuntu/.openclaw/workspace/silhouette-brain/src/api/enhanced_memory_api.py", line 327, in run_api
2026-03-01 22:52:51:     server = ReuseAddressServer(('0.0.0.0', port), MemoryAPIHandler)
2026-03-01 22:52:51:              ^^^^^^^^^^^^^^^^^^^^^^^^^^^^^^^^^^^^^^^^^^^^^^^^^^^^^^^
2026-03-01 22:52:51:   File "/usr/lib/python3.12/socketserver.py", line 457, in __init__
2026-03-01 22:52:51:     self.server_bind()
2026-03-01 22:52:51:   File "/usr/lib/python3.12/http/server.py", line 136, in server_bind
2026-03-01 22:52:51:     socketserver.TCPServer.server_bind(self)
2026-03-01 22:52:51:   File "/usr/lib/python3.12/socketserver.py", line 473, in server_bind
2026-03-01 22:52:51:     self.socket.bind(self.server_address)
2026-03-01 22:52:51: OSError: [Errno 98] Address already in use
2026-03-01 22:52:54: Traceback (most recent call last):
2026-03-01 22:52:54:   File "/home/ubuntu/.openclaw/workspace/silhouette-brain/src/api/enhanced_memory_api.py", line 340, in <module>
2026-03-01 22:52:54:     run_api()
2026-03-01 22:52:54:   File "/home/ubuntu/.openclaw/workspace/silhouette-brain/src/api/enhanced_memory_api.py", line 327, in run_api
2026-03-01 22:52:54:     server = ReuseAddressServer(('0.0.0.0', port), MemoryAPIHandler)
2026-03-01 22:52:54:              ^^^^^^^^^^^^^^^^^^^^^^^^^^^^^^^^^^^^^^^^^^^^^^^^^^^^^^^
2026-03-01 22:52:54:   File "/usr/lib/python3.12/socketserver.py", line 457, in __init__
2026-03-01 22:52:54:     self.server_bind()
2026-03-01 22:52:54:   File "/usr/lib/python3.12/http/server.py", line 136, in server_bind
2026-03-01 22:52:54:     socketserver.TCPServer.server_bind(self)
2026-03-01 22:52:54:   File "/usr/lib/python3.12/socketserver.py", line 473, in server_bind
2026-03-01 22:52:54:     self.socket.bind(self.server_address)
2026-03-01 22:52:54: OSError: [Errno 98] Address already in use
2026-03-01 22:52:56: Traceback (most recent call last):
2026-03-01 22:52:56:   File "/home/ubuntu/.openclaw/workspace/silhouette-brain/src/api/enhanced_memory_api.py", line 340, in <module>
2026-03-01 22:52:56:     run_api()
2026-03-01 22:52:56:   File "/home/ubuntu/.openclaw/workspace/silhouette-brain/src/api/enhanced_memory_api.py", line 327, in run_api
2026-03-01 22:52:56:     server = ReuseAddressServer(('0.0.0.0', port), MemoryAPIHandler)
2026-03-01 22:52:56:              ^^^^^^^^^^^^^^^^^^^^^^^^^^^^^^^^^^^^^^^^^^^^^^^^^^^^^^^
2026-03-01 22:52:56:   File "/usr/lib/python3.12/socketserver.py", line 457, in __init__
2026-03-01 22:52:56:     self.server_bind()
2026-03-01 22:52:56:   File "/usr/lib/python3.12/http/server.py", line 136, in server_bind
2026-03-01 22:52:56:     socketserver.TCPServer.server_bind(self)
2026-03-01 22:52:56:   File "/usr/lib/python3.12/socketserver.py", line 473, in server_bind
2026-03-01 22:52:56:     self.socket.bind(self.server_address)
2026-03-01 22:52:56: OSError: [Errno 98] Address already in use
2026-03-01 22:52:58: Traceback (most recent call last):
2026-03-01 22:52:58:   File "/home/ubuntu/.openclaw/workspace/silhouette-brain/src/api/enhanced_memory_api.py", line 340, in <module>
2026-03-01 22:52:58:     run_api()
2026-03-01 22:52:58:   File "/home/ubuntu/.openclaw/workspace/silhouette-brain/src/api/enhanced_memory_api.py", line 327, in run_api
2026-03-01 22:52:58:     server = ReuseAddressServer(('0.0.0.0', port), MemoryAPIHandler)
2026-03-01 22:52:58:              ^^^^^^^^^^^^^^^^^^^^^^^^^^^^^^^^^^^^^^^^^^^^^^^^^^^^^^^
2026-03-01 22:52:58:   File "/usr/lib/python3.12/socketserver.py", line 457, in __init__
2026-03-01 22:52:58:     self.server_bind()
2026-03-01 22:52:58:   File "/usr/lib/python3.12/http/server.py", line 136, in server_bind
2026-03-01 22:52:58:     socketserver.TCPServer.server_bind(self)
2026-03-01 22:52:58:   File "/usr/lib/python3.12/socketserver.py", line 473, in server_bind
2026-03-01 22:52:58:     self.socket.bind(self.server_address)
2026-03-01 22:52:58: OSError: [Errno 98] Address already in use
2026-03-01 22:53:00: Traceback (most recent call last):
2026-03-01 22:53:00:   File "/home/ubuntu/.openclaw/workspace/silhouette-brain/src/api/enhanced_memory_api.py", line 340, in <module>
2026-03-01 22:53:00:     run_api()
2026-03-01 22:53:00:   File "/home/ubuntu/.openclaw/workspace/silhouette-brain/src/api/enhanced_memory_api.py", line 327, in run_api
2026-03-01 22:53:00:     server = ReuseAddressServer(('0.0.0.0', port), MemoryAPIHandler)
2026-03-01 22:53:00:              ^^^^^^^^^^^^^^^^^^^^^^^^^^^^^^^^^^^^^^^^^^^^^^^^^^^^^^^
2026-03-01 22:53:00:   File "/usr/lib/python3.12/socketserver.py", line 457, in __init__
2026-03-01 22:53:00:     self.server_bind()
2026-03-01 22:53:00:   File "/usr/lib/python3.12/http/server.py", line 136, in server_bind
2026-03-01 22:53:00:     socketserver.TCPServer.server_bind(self)
2026-03-01 22:53:00:   File "/usr/lib/python3.12/socketserver.py", line 473, in server_bind
2026-03-01 22:53:00:     self.socket.bind(self.server_address)
2026-03-01 22:53:00: OSError: [Errno 98] Address already in use
2026-03-01 22:53:03: Traceback (most recent call last):
2026-03-01 22:53:03:   File "/home/ubuntu/.openclaw/workspace/silhouette-brain/src/api/enhanced_memory_api.py", line 340, in <module>
2026-03-01 22:53:03:     run_api()
2026-03-01 22:53:03:   File "/home/ubuntu/.openclaw/workspace/silhouette-brain/src/api/enhanced_memory_api.py", line 327, in run_api
2026-03-01 22:53:03:     server = ReuseAddressServer(('0.0.0.0', port), MemoryAPIHandler)
2026-03-01 22:53:03:              ^^^^^^^^^^^^^^^^^^^^^^^^^^^^^^^^^^^^^^^^^^^^^^^^^^^^^^^
2026-03-01 22:53:03:   File "/usr/lib/python3.12/socketserver.py", line 457, in __init__
2026-03-01 22:53:03:     self.server_bind()
2026-03-01 22:53:03:   File "/usr/lib/python3.12/http/server.py", line 136, in server_bind
2026-03-01 22:53:03:     socketserver.TCPServer.server_bind(self)
2026-03-01 22:53:03:   File "/usr/lib/python3.12/socketserver.py", line 473, in server_bind
2026-03-01 22:53:03:     self.socket.bind(self.server_address)
2026-03-01 22:53:03: OSError: [Errno 98] Address already in use
2026-03-01 22:53:05: Traceback (most recent call last):
2026-03-01 22:53:05:   File "/home/ubuntu/.openclaw/workspace/silhouette-brain/src/api/enhanced_memory_api.py", line 340, in <module>
2026-03-01 22:53:05:     run_api()
2026-03-01 22:53:05:   File "/home/ubuntu/.openclaw/workspace/silhouette-brain/src/api/enhanced_memory_api.py", line 327, in run_api
2026-03-01 22:53:05:     server = ReuseAddressServer(('0.0.0.0', port), MemoryAPIHandler)
2026-03-01 22:53:05:              ^^^^^^^^^^^^^^^^^^^^^^^^^^^^^^^^^^^^^^^^^^^^^^^^^^^^^^^
2026-03-01 22:53:05:   File "/usr/lib/python3.12/socketserver.py", line 457, in __init__
2026-03-01 22:53:05:     self.server_bind()
2026-03-01 22:53:05:   File "/usr/lib/python3.12/http/server.py", line 136, in server_bind
2026-03-01 22:53:05:     socketserver.TCPServer.server_bind(self)
2026-03-01 22:53:05:   File "/usr/lib/python3.12/socketserver.py", line 473, in server_bind
2026-03-01 22:53:05:     self.socket.bind(self.server_address)
2026-03-01 22:53:05: OSError: [Errno 98] Address already in use
2026-03-01 22:53:07: Traceback (most recent call last):
2026-03-01 22:53:07:   File "/home/ubuntu/.openclaw/workspace/silhouette-brain/src/api/enhanced_memory_api.py", line 340, in <module>
2026-03-01 22:53:07:     run_api()
2026-03-01 22:53:07:   File "/home/ubuntu/.openclaw/workspace/silhouette-brain/src/api/enhanced_memory_api.py", line 327, in run_api
2026-03-01 22:53:07:     server = ReuseAddressServer(('0.0.0.0', port), MemoryAPIHandler)
2026-03-01 22:53:07:              ^^^^^^^^^^^^^^^^^^^^^^^^^^^^^^^^^^^^^^^^^^^^^^^^^^^^^^^
2026-03-01 22:53:07:   File "/usr/lib/python3.12/socketserver.py", line 457, in __init__
2026-03-01 22:53:07:     self.server_bind()
2026-03-01 22:53:07:   File "/usr/lib/python3.12/http/server.py", line 136, in server_bind
2026-03-01 22:53:07:     socketserver.TCPServer.server_bind(self)
2026-03-01 22:53:07:   File "/usr/lib/python3.12/socketserver.py", line 473, in server_bind
2026-03-01 22:53:07:     self.socket.bind(self.server_address)
2026-03-01 22:53:07: OSError: [Errno 98] Address already in use
2026-03-01 22:53:10: Traceback (most recent call last):
2026-03-01 22:53:10:   File "/home/ubuntu/.openclaw/workspace/silhouette-brain/src/api/enhanced_memory_api.py", line 340, in <module>
2026-03-01 22:53:10:     run_api()
2026-03-01 22:53:10:   File "/home/ubuntu/.openclaw/workspace/silhouette-brain/src/api/enhanced_memory_api.py", line 327, in run_api
2026-03-01 22:53:10:     server = ReuseAddressServer(('0.0.0.0', port), MemoryAPIHandler)
2026-03-01 22:53:10:              ^^^^^^^^^^^^^^^^^^^^^^^^^^^^^^^^^^^^^^^^^^^^^^^^^^^^^^^
2026-03-01 22:53:10:   File "/usr/lib/python3.12/socketserver.py", line 457, in __init__
2026-03-01 22:53:10:     self.server_bind()
2026-03-01 22:53:10:   File "/usr/lib/python3.12/http/server.py", line 136, in server_bind
2026-03-01 22:53:10:     socketserver.TCPServer.server_bind(self)
2026-03-01 22:53:10:   File "/usr/lib/python3.12/socketserver.py", line 473, in server_bind
2026-03-01 22:53:10:     self.socket.bind(self.server_address)
2026-03-01 22:53:10: OSError: [Errno 98] Address already in use
2026-03-01 22:53:12: Traceback (most recent call last):
2026-03-01 22:53:12:   File "/home/ubuntu/.openclaw/workspace/silhouette-brain/src/api/enhanced_memory_api.py", line 340, in <module>
2026-03-01 22:53:12:     run_api()
2026-03-01 22:53:12:   File "/home/ubuntu/.openclaw/workspace/silhouette-brain/src/api/enhanced_memory_api.py", line 327, in run_api
2026-03-01 22:53:12:     server = ReuseAddressServer(('0.0.0.0', port), MemoryAPIHandler)
2026-03-01 22:53:12:              ^^^^^^^^^^^^^^^^^^^^^^^^^^^^^^^^^^^^^^^^^^^^^^^^^^^^^^^
2026-03-01 22:53:12:   File "/usr/lib/python3.12/socketserver.py", line 457, in __init__
2026-03-01 22:53:12:     self.server_bind()
2026-03-01 22:53:12:   File "/usr/lib/python3.12/http/server.py", line 136, in server_bind
2026-03-01 22:53:12:     socketserver.TCPServer.server_bind(self)
2026-03-01 22:53:12:   File "/usr/lib/python3.12/socketserver.py", line 473, in server_bind
2026-03-01 22:53:12:     self.socket.bind(self.server_address)
2026-03-01 22:53:12: OSError: [Errno 98] Address already in use
2026-03-01 22:53:14: Traceback (most recent call last):
2026-03-01 22:53:14:   File "/home/ubuntu/.openclaw/workspace/silhouette-brain/src/api/enhanced_memory_api.py", line 340, in <module>
2026-03-01 22:53:14:     run_api()
2026-03-01 22:53:14:   File "/home/ubuntu/.openclaw/workspace/silhouette-brain/src/api/enhanced_memory_api.py", line 327, in run_api
2026-03-01 22:53:14:     server = ReuseAddressServer(('0.0.0.0', port), MemoryAPIHandler)
2026-03-01 22:53:14:              ^^^^^^^^^^^^^^^^^^^^^^^^^^^^^^^^^^^^^^^^^^^^^^^^^^^^^^^
2026-03-01 22:53:14:   File "/usr/lib/python3.12/socketserver.py", line 457, in __init__
2026-03-01 22:53:14:     self.server_bind()
2026-03-01 22:53:14:   File "/usr/lib/python3.12/http/server.py", line 136, in server_bind
2026-03-01 22:53:14:     socketserver.TCPServer.server_bind(self)
2026-03-01 22:53:14:   File "/usr/lib/python3.12/socketserver.py", line 473, in server_bind
2026-03-01 22:53:14: self.socket.bind(self.server_address)
2026-03-01 22:53:14: OSError: [Errno 98] Address already in use
2026-03-01 22:53:17: Traceback (most recent call last):
2026-03-01 22:53:17:   File "/home/ubuntu/.openclaw/workspace/silhouette-brain/src/api/enhanced_memory_api.py", line 340, in <module>
2026-03-01 22:53:17:     run_api()
2026-03-01 22:53:17:   File "/home/ubuntu/.openclaw/workspace/silhouette-brain/src/api/enhanced_memory_api.py", line 327, in run_api
2026-03-01 22:53:17:     server = ReuseAddressServer(('0.0.0.0', port), MemoryAPIHandler)
2026-03-01 22:53:17:              ^^^^^^^^^^^^^^^^^^^^^^^^^^^^^^^^^^^^^^^^^^^^^^^^^^^^^^^
2026-03-01 22:53:17:   File "/usr/lib/python3.12/socketserver.py", line 457, in __init__
2026-03-01 22:53:17:     self.server_bind()
2026-03-01 22:53:17:   File "/usr/lib/python3.12/http/server.py", line 136, in server_bind
2026-03-01 22:53:17:     socketserver.TCPServer.server_bind(self)
2026-03-01 22:53:17:   File "/usr/lib/python3.12/socketserver.py", line 473, in server_bind
2026-03-01 22:53:17:     self.socket.bind(self.server_address)
2026-03-01 22:53:17: OSError: [Errno 98] Address already in use
2026-03-01 22:53:19: Traceback (most recent call last):
2026-03-01 22:53:19:   File "/home/ubuntu/.openclaw/workspace/silhouette-brain/src/api/enhanced_memory_api.py", line 340, in <module>
2026-03-01 22:53:19:     run_api()
2026-03-01 22:53:19:   File "/home/ubuntu/.openclaw/workspace/silhouette-brain/src/api/enhanced_memory_api.py", line 327, in run_api
2026-03-01 22:53:19:     server = ReuseAddressServer(('0.0.0.0', port), MemoryAPIHandler)
2026-03-01 22:53:19:              ^^^^^^^^^^^^^^^^^^^^^^^^^^^^^^^^^^^^^^^^^^^^^^^^^^^^^^^
2026-03-01 22:53:19:   File "/usr/lib/python3.12/socketserver.py", line 457, in __init__
2026-03-01 22:53:19:     self.server_bind()
2026-03-01 22:53:19:   File "/usr/lib/python3.12/http/server.py", line 136, in server_bind
2026-03-01 22:53:19:     socketserver.TCPServer.server_bind(self)
2026-03-01 22:53:19:   File "/usr/lib/python3.12/socketserver.py", line 473, in server_bind
2026-03-01 22:53:19:     self.socket.bind(self.server_address)
2026-03-01 22:53:19: OSError: [Errno 98] Address already in use
2026-03-01 22:53:21: Traceback (most recent call last):
2026-03-01 22:53:21:   File "/home/ubuntu/.openclaw/workspace/silhouette-brain/src/api/enhanced_memory_api.py", line 340, in <module>
2026-03-01 22:53:21:     run_api()
2026-03-01 22:53:21:   File "/home/ubuntu/.openclaw/workspace/silhouette-brain/src/api/enhanced_memory_api.py", line 327, in run_api
2026-03-01 22:53:21:     server = ReuseAddressServer(('0.0.0.0', port), MemoryAPIHandler)
2026-03-01 22:53:21:              ^^^^^^^^^^^^^^^^^^^^^^^^^^^^^^^^^^^^^^^^^^^^^^^^^^^^^^^
2026-03-01 22:53:21:   File "/usr/lib/python3.12/socketserver.py", line 457, in __init__
2026-03-01 22:53:21:     self.server_bind()
2026-03-01 22:53:21:   File "/usr/lib/python3.12/http/server.py", line 136, in server_bind
2026-03-01 22:53:21:     socketserver.TCPServer.server_bind(self)
2026-03-01 22:53:21:   File "/usr/lib/python3.12/socketserver.py", line 473, in server_bind
2026-03-01 22:53:21:     self.socket.bind(self.server_address)
2026-03-01 22:53:21: OSError: [Errno 98] Address already in use
2026-03-01 22:53:24: Traceback (most recent call last):
2026-03-01 22:53:24:   File "/home/ubuntu/.openclaw/workspace/silhouette-brain/src/api/enhanced_memory_api.py", line 340, in <module>
2026-03-01 22:53:24:     run_api()
2026-03-01 22:53:24:   File "/home/ubuntu/.openclaw/workspace/silhouette-brain/src/api/enhanced_memory_api.py", line 327, in run_api
2026-03-01 22:53:24:     server = ReuseAddressServer(('0.0.0.0', port), MemoryAPIHandler)
2026-03-01 22:53:24:              ^^^^^^^^^^^^^^^^^^^^^^^^^^^^^^^^^^^^^^^^^^^^^^^^^^^^^^^
2026-03-01 22:53:24:   File "/usr/lib/python3.12/socketserver.py", line 457, in __init__
2026-03-01 22:53:24:     self.server_bind()
2026-03-01 22:53:24:   File "/usr/lib/python3.12/http/server.py", line 136, in server_bind
2026-03-01 22:53:24:     socketserver.TCPServer.server_bind(self)
2026-03-01 22:53:24:   File "/usr/lib/python3.12/socketserver.py", line 473, in server_bind
2026-03-01 22:53:24:     self.socket.bind(self.server_address)
2026-03-01 22:53:24: OSError: [Errno 98] Address already in use
2026-03-01 22:53:26: Traceback (most recent call last):
2026-03-01 22:53:26:   File "/home/ubuntu/.openclaw/workspace/silhouette-brain/src/api/enhanced_memory_api.py", line 340, in <module>
2026-03-01 22:53:26:     run_api()
2026-03-01 22:53:26:   File "/home/ubuntu/.openclaw/workspace/silhouette-brain/src/api/enhanced_memory_api.py", line 327, in run_api
2026-03-01 22:53:26:     server = ReuseAddressServer(('0.0.0.0', port), MemoryAPIHandler)
2026-03-01 22:53:26:              ^^^^^^^^^^^^^^^^^^^^^^^^^^^^^^^^^^^^^^^^^^^^^^^^^^^^^^^
2026-03-01 22:53:26:   File "/usr/lib/python3.12/socketserver.py", line 457, in __init__
2026-03-01 22:53:26:     self.server_bind()
2026-03-01 22:53:26:   File "/usr/lib/python3.12/http/server.py", line 136, in server_bind
2026-03-01 22:53:26:     socketserver.TCPServer.server_bind(self)
2026-03-01 22:53:26:   File "/usr/lib/python3.12/socketserver.py", line 473, in server_bind
2026-03-01 22:53:26:     self.socket.bind(self.server_address)
2026-03-01 22:53:26: OSError: [Errno 98] Address already in use
2026-03-01 22:53:28: Traceback (most recent call last):
2026-03-01 22:53:28:   File "/home/ubuntu/.openclaw/workspace/silhouette-brain/src/api/enhanced_memory_api.py", line 340, in <module>
2026-03-01 22:53:28:     run_api()
2026-03-01 22:53:28:   File "/home/ubuntu/.openclaw/workspace/silhouette-brain/src/api/enhanced_memory_api.py", line 327, in run_api
2026-03-01 22:53:28:     server = ReuseAddressServer(('0.0.0.0', port), MemoryAPIHandler)
2026-03-01 22:53:28:              ^^^^^^^^^^^^^^^^^^^^^^^^^^^^^^^^^^^^^^^^^^^^^^^^^^^^^^^
2026-03-01 22:53:28:   File "/usr/lib/python3.12/socketserver.py", line 457, in __init__
2026-03-01 22:53:28:     self.server_bind()
2026-03-01 22:53:28:   File "/usr/lib/python3.12/http/server.py", line 136, in server_bind
2026-03-01 22:53:28:     socketserver.TCPServer.server_bind(self)
2026-03-01 22:53:28:   File "/usr/lib/python3.12/socketserver.py", line 473, in server_bind
2026-03-01 22:53:28:     self.socket.bind(self.server_address)
2026-03-01 22:53:28: OSError: [Errno 98] Address already in use
2026-03-01 22:53:30: Traceback (most recent call last):
2026-03-01 22:53:30:   File "/home/ubuntu/.openclaw/workspace/silhouette-brain/src/api/enhanced_memory_api.py", line 340, in <module>
2026-03-01 22:53:30:     run_api()
2026-03-01 22:53:30:   File "/home/ubuntu/.openclaw/workspace/silhouette-brain/src/api/enhanced_memory_api.py", line 327, in run_api
2026-03-01 22:53:30:     server = ReuseAddressServer(('0.0.0.0', port), MemoryAPIHandler)
2026-03-01 22:53:30:              ^^^^^^^^^^^^^^^^^^^^^^^^^^^^^^^^^^^^^^^^^^^^^^^^^^^^^^^
2026-03-01 22:53:30:   File "/usr/lib/python3.12/socketserver.py", line 457, in __init__
2026-03-01 22:53:30:     self.server_bind()
2026-03-01 22:53:30:   File "/usr/lib/python3.12/http/server.py", line 136, in server_bind
2026-03-01 22:53:30:     socketserver.TCPServer.server_bind(self)
2026-03-01 22:53:30:   File "/usr/lib/python3.12/socketserver.py", line 473, in server_bind
2026-03-01 22:53:30:     self.socket.bind(self.server_address)
2026-03-01 22:53:30: OSError: [Errno 98] Address already in use
2026-03-01 22:53:33: Traceback (most recent call last):
2026-03-01 22:53:33:   File "/home/ubuntu/.openclaw/workspace/silhouette-brain/src/api/enhanced_memory_api.py", line 340, in <module>
2026-03-01 22:53:33:     run_api()
2026-03-01 22:53:33:   File "/home/ubuntu/.openclaw/workspace/silhouette-brain/src/api/enhanced_memory_api.py", line 327, in run_api
2026-03-01 22:53:33:     server = ReuseAddressServer(('0.0.0.0', port), MemoryAPIHandler)
2026-03-01 22:53:33:              ^^^^^^^^^^^^^^^^^^^^^^^^^^^^^^^^^^^^^^^^^^^^^^^^^^^^^^^
2026-03-01 22:53:33:   File "/usr/lib/python3.12/socketserver.py", line 457, in __init__
2026-03-01 22:53:33:     self.server_bind()
2026-03-01 22:53:33:   File "/usr/lib/python3.12/http/server.py", line 136, in server_bind
2026-03-01 22:53:33:     socketserver.TCPServer.server_bind(self)
2026-03-01 22:53:33:   File "/usr/lib/python3.12/socketserver.py", line 473, in server_bind
2026-03-01 22:53:33:     self.socket.bind(self.server_address)
2026-03-01 22:53:33: OSError: [Errno 98] Address already in use
2026-03-01 22:53:35: Traceback (most recent call last):
2026-03-01 22:53:35:   File "/home/ubuntu/.openclaw/workspace/silhouette-brain/src/api/enhanced_memory_api.py", line 340, in <module>
2026-03-01 22:53:35:     run_api()
2026-03-01 22:53:35:   File "/home/ubuntu/.openclaw/workspace/silhouette-brain/src/api/enhanced_memory_api.py", line 327, in run_api
2026-03-01 22:53:35:     server = ReuseAddressServer(('0.0.0.0', port), MemoryAPIHandler)
2026-03-01 22:53:35:              ^^^^^^^^^^^^^^^^^^^^^^^^^^^^^^^^^^^^^^^^^^^^^^^^^^^^^^^
2026-03-01 22:53:35:   File "/usr/lib/python3.12/socketserver.py", line 457, in __init__
2026-03-01 22:53:35:     self.server_bind()
2026-03-01 22:53:35:   File "/usr/lib/python3.12/http/server.py", line 136, in server_bind
2026-03-01 22:53:35:     socketserver.TCPServer.server_bind(self)
2026-03-01 22:53:35:   File "/usr/lib/python3.12/socketserver.py", line 473, in server_bind
2026-03-01 22:53:35:     self.socket.bind(self.server_address)
2026-03-01 22:53:35: OSError: [Errno 98] Address already in use
2026-03-01 22:53:37: Traceback (most recent call last):
2026-03-01 22:53:37:   File "/home/ubuntu/.openclaw/workspace/silhouette-brain/src/api/enhanced_memory_api.py", line 340, in <module>
2026-03-01 22:53:37:     run_api()
2026-03-01 22:53:37:   File "/home/ubuntu/.openclaw/workspace/silhouette-brain/src/api/enhanced_memory_api.py", line 327, in run_api
2026-03-01 22:53:37:     server = ReuseAddressServer(('0.0.0.0', port), MemoryAPIHandler)
2026-03-01 22:53:37:              ^^^^^^^^^^^^^^^^^^^^^^^^^^^^^^^^^^^^^^^^^^^^^^^^^^^^^^^
2026-03-01 22:53:37:   File "/usr/lib/python3.12/socketserver.py", line 457, in __init__
2026-03-01 22:53:37:     self.server_bind()
2026-03-01 22:53:37:   File "/usr/lib/python3.12/http/server.py", line 136, in server_bind
2026-03-01 22:53:37:     socketserver.TCPServer.server_bind(self)
2026-03-01 22:53:37:   File "/usr/lib/python3.12/socketserver.py", line 473, in server_bind
2026-03-01 22:53:37:     self.socket.bind(self.server_address)
2026-03-01 22:53:37: OSError: [Errno 98] Address already in use
2026-03-01 22:53:40: Traceback (most recent call last):
2026-03-01 22:53:40:   File "/home/ubuntu/.openclaw/workspace/silhouette-brain/src/api/enhanced_memory_api.py", line 340, in <module>
2026-03-01 22:53:40:     run_api()
2026-03-01 22:53:40:   File "/home/ubuntu/.openclaw/workspace/silhouette-brain/src/api/enhanced_memory_api.py", line 327, in run_api
2026-03-01 22:53:40:     server = ReuseAddressServer(('0.0.0.0', port), MemoryAPIHandler)
2026-03-01 22:53:40:              ^^^^^^^^^^^^^^^^^^^^^^^^^^^^^^^^^^^^^^^^^^^^^^^^^^^^^^^
2026-03-01 22:53:40:   File "/usr/lib/python3.12/socketserver.py", line 457, in __init__
2026-03-01 22:53:40:     self.server_bind()
2026-03-01 22:53:40:   File "/usr/lib/python3.12/http/server.py", line 136, in server_bind
2026-03-01 22:53:40:     socketserver.TCPServer.server_bind(self)
2026-03-01 22:53:40:   File "/usr/lib/python3.12/socketserver.py", line 473, in server_bind
2026-03-01 22:53:40:     self.socket.bind(self.server_address)
2026-03-01 22:53:40: OSError: [Errno 98] Address already in use
2026-03-01 22:53:42: Traceback (most recent call last):
2026-03-01 22:53:42:   File "/home/ubuntu/.openclaw/workspace/silhouette-brain/src/api/enhanced_memory_api.py", line 340, in <module>
2026-03-01 22:53:42:     run_api()
2026-03-01 22:53:42:   File "/home/ubuntu/.openclaw/workspace/silhouette-brain/src/api/enhanced_memory_api.py", line 327, in run_api
2026-03-01 22:53:42:     server = ReuseAddressServer(('0.0.0.0', port), MemoryAPIHandler)
2026-03-01 22:53:42:              ^^^^^^^^^^^^^^^^^^^^^^^^^^^^^^^^^^^^^^^^^^^^^^^^^^^^^^^
2026-03-01 22:53:42:   File "/usr/lib/python3.12/socketserver.py", line 457, in __init__
2026-03-01 22:53:42:     self.server_bind()
2026-03-01 22:53:42:   File "/usr/lib/python3.12/http/server.py", line 136, in server_bind
2026-03-01 22:53:42:     socketserver.TCPServer.server_bind(self)
2026-03-01 22:53:42:   File "/usr/lib/python3.12/socketserver.py", line 473, in server_bind
2026-03-01 22:53:42:     self.socket.bind(self.server_address)
2026-03-01 22:53:42: OSError: [Errno 98] Address already in use
2026-03-01 22:53:44: Traceback (most recent call last):
2026-03-01 22:53:44:   File "/home/ubuntu/.openclaw/workspace/silhouette-brain/src/api/enhanced_memory_api.py", line 340, in <module>
2026-03-01 22:53:44:     run_api()
2026-03-01 22:53:44:   File "/home/ubuntu/.openclaw/workspace/silhouette-brain/src/api/enhanced_memory_api.py", line 327, in run_api
2026-03-01 22:53:44:     server = ReuseAddressServer(('0.0.0.0', port), MemoryAPIHandler)
2026-03-01 22:53:44:              ^^^^^^^^^^^^^^^^^^^^^^^^^^^^^^^^^^^^^^^^^^^^^^^^^^^^^^^
2026-03-01 22:53:44:   File "/usr/lib/python3.12/socketserver.py", line 457, in __init__
2026-03-01 22:53:44:     self.server_bind()
2026-03-01 22:53:44:   File "/usr/lib/python3.12/http/server.py", line 136, in server_bind
2026-03-01 22:53:44:     socketserver.TCPServer.server_bind(self)
2026-03-01 22:53:44:   File "/usr/lib/python3.12/socketserver.py", line 473, in server_bind
2026-03-01 22:53:44:     self.socket.bind(self.server_address)
2026-03-01 22:53:44: OSError: [Errno 98] Address already in use
2026-03-01 22:53:47: Traceback (most recent call last):
2026-03-01 22:53:47:   File "/home/ubuntu/.openclaw/workspace/silhouette-brain/src/api/enhanced_memory_api.py", line 340, in <module>
2026-03-01 22:53:47:     run_api()
2026-03-01 22:53:47:   File "/home/ubuntu/.openclaw/workspace/silhouette-brain/src/api/enhanced_memory_api.py", line 327, in run_api
2026-03-01 22:53:47:     server = ReuseAddressServer(('0.0.0.0', port), MemoryAPIHandler)
2026-03-01 22:53:47:              ^^^^^^^^^^^^^^^^^^^^^^^^^^^^^^^^^^^^^^^^^^^^^^^^^^^^^^^
2026-03-01 22:53:47:   File "/usr/lib/python3.12/socketserver.py", line 457, in __init__
2026-03-01 22:53:47:     self.server_bind()
2026-03-01 22:53:47:   File "/usr/lib/python3.12/http/server.py", line 136, in server_bind
2026-03-01 22:53:47:     socketserver.TCPServer.server_bind(self)
2026-03-01 22:53:47:   File "/usr/lib/python3.12/socketserver.py", line 473, in server_bind
2026-03-01 22:53:47:     self.socket.bind(self.server_address)
2026-03-01 22:53:47: OSError: [Errno 98] Address already in use
2026-03-01 22:53:49: Traceback (most recent call last):
2026-03-01 22:53:49:   File "/home/ubuntu/.openclaw/workspace/silhouette-brain/src/api/enhanced_memory_api.py", line 340, in <module>
2026-03-01 22:53:49:     run_api()
2026-03-01 22:53:49:   File "/home/ubuntu/.openclaw/workspace/silhouette-brain/src/api/enhanced_memory_api.py", line 327, in run_api
2026-03-01 22:53:49:     server = ReuseAddressServer(('0.0.0.0', port), MemoryAPIHandler)
2026-03-01 22:53:49:              ^^^^^^^^^^^^^^^^^^^^^^^^^^^^^^^^^^^^^^^^^^^^^^^^^^^^^^^
2026-03-01 22:53:49:   File "/usr/lib/python3.12/socketserver.py", line 457, in __init__
2026-03-01 22:53:49:     self.server_bind()
2026-03-01 22:53:49:   File "/usr/lib/python3.12/http/server.py", line 136, in server_bind
2026-03-01 22:53:49:     socketserver.TCPServer.server_bind(self)
2026-03-01 22:53:49:   File "/usr/lib/python3.12/socketserver.py", line 473, in server_bind
2026-03-01 22:53:49:     self.socket.bind(self.server_address)
2026-03-01 22:53:49: OSError: [Errno 98] Address already in use
2026-03-01 22:53:51: Traceback (most recent call last):
2026-03-01 22:53:51:   File "/home/ubuntu/.openclaw/workspace/silhouette-brain/src/api/enhanced_memory_api.py", line 340, in <module>
2026-03-01 22:53:51:     run_api()
2026-03-01 22:53:51:   File "/home/ubuntu/.openclaw/workspace/silhouette-brain/src/api/enhanced_memory_api.py", line 327, in run_api
2026-03-01 22:53:51:     server = ReuseAddressServer(('0.0.0.0', port), MemoryAPIHandler)
2026-03-01 22:53:51:              ^^^^^^^^^^^^^^^^^^^^^^^^^^^^^^^^^^^^^^^^^^^^^^^^^^^^^^^
2026-03-01 22:53:51:   File "/usr/lib/python3.12/socketserver.py", line 457, in __init__
2026-03-01 22:53:51:     self.server_bind()
2026-03-01 22:53:51:   File "/usr/lib/python3.12/http/server.py", line 136, in server_bind
2026-03-01 22:53:51:     socketserver.TCPServer.server_bind(self)
2026-03-01 22:53:51:   File "/usr/lib/python3.12/socketserver.py", line 473, in server_bind
2026-03-01 22:53:51:     self.socket.bind(self.server_address)
2026-03-01 22:53:51: OSError: [Errno 98] Address already in use
2026-03-01 22:53:53: Traceback (most recent call last):
2026-03-01 22:53:53:   File "/home/ubuntu/.openclaw/workspace/silhouette-brain/src/api/enhanced_memory_api.py", line 340, in <module>
2026-03-01 22:53:53:     run_api()
2026-03-01 22:53:53:   File "/home/ubuntu/.openclaw/workspace/silhouette-brain/src/api/enhanced_memory_api.py", line 327, in run_api
2026-03-01 22:53:53:     server = ReuseAddressServer(('0.0.0.0', port), MemoryAPIHandler)
2026-03-01 22:53:53:              ^^^^^^^^^^^^^^^^^^^^^^^^^^^^^^^^^^^^^^^^^^^^^^^^^^^^^^^
2026-03-01 22:53:53:   File "/usr/lib/python3.12/socketserver.py", line 457, in __init__
2026-03-01 22:53:53:     self.server_bind()
2026-03-01 22:53:53:   File "/usr/lib/python3.12/http/server.py", line 136, in server_bind
2026-03-01 22:53:53:     socketserver.TCPServer.server_bind(self)
2026-03-01 22:53:53:   File "/usr/lib/python3.12/socketserver.py", line 473, in server_bind
2026-03-01 22:53:53:     self.socket.bind(self.server_address)
2026-03-01 22:53:53: OSError: [Errno 98] Address already in use
2026-03-01 22:53:56: Traceback (most recent call last):
2026-03-01 22:53:56:   File "/home/ubuntu/.openclaw/workspace/silhouette-brain/src/api/enhanced_memory_api.py", line 340, in <module>
2026-03-01 22:53:56:     run_api()
2026-03-01 22:53:56:   File "/home/ubuntu/.openclaw/workspace/silhouette-brain/src/api/enhanced_memory_api.py", line 327, in run_api
2026-03-01 22:53:56:     server = ReuseAddressServer(('0.0.0.0', port), MemoryAPIHandler)
2026-03-01 22:53:56:              ^^^^^^^^^^^^^^^^^^^^^^^^^^^^^^^^^^^^^^^^^^^^^^^^^^^^^^^
2026-03-01 22:53:56:   File "/usr/lib/python3.12/socketserver.py", line 457, in __init__
2026-03-01 22:53:56:     self.server_bind()
2026-03-01 22:53:56:   File "/usr/lib/python3.12/http/server.py", line 136, in server_bind
2026-03-01 22:53:56:     socketserver.TCPServer.server_bind(self)
2026-03-01 22:53:56:   File "/usr/lib/python3.12/socketserver.py", line 473, in server_bind
2026-03-01 22:53:56:     self.socket.bind(self.server_address)
2026-03-01 22:53:56: OSError: [Errno 98] Address already in use
2026-03-01 22:53:58: Traceback (most recent call last):
2026-03-01 22:53:58:   File "/home/ubuntu/.openclaw/workspace/silhouette-brain/src/api/enhanced_memory_api.py", line 340, in <module>
2026-03-01 22:53:58:     run_api()
2026-03-01 22:53:58:   File "/home/ubuntu/.openclaw/workspace/silhouette-brain/src/api/enhanced_memory_api.py", line 327, in run_api
2026-03-01 22:53:58:     server = ReuseAddressServer(('0.0.0.0', port), MemoryAPIHandler)
2026-03-01 22:53:58:              ^^^^^^^^^^^^^^^^^^^^^^^^^^^^^^^^^^^^^^^^^^^^^^^^^^^^^^^
2026-03-01 22:53:58:   File "/usr/lib/python3.12/socketserver.py", line 457, in __init__
2026-03-01 22:53:58:     self.server_bind()
2026-03-01 22:53:58:   File "/usr/lib/python3.12/http/server.py", line 136, in server_bind
2026-03-01 22:53:58:     socketserver.TCPServer.server_bind(self)
2026-03-01 22:53:58:   File "/usr/lib/python3.12/socketserver.py", line 473, in server_bind
2026-03-01 22:53:58:     self.socket.bind(self.server_address)
2026-03-01 22:53:58: OSError: [Errno 98] Address already in use
2026-03-01 22:54:00: Traceback (most recent call last):
2026-03-01 22:54:00:   File "/home/ubuntu/.openclaw/workspace/silhouette-brain/src/api/enhanced_memory_api.py", line 340, in <module>
2026-03-01 22:54:00:     run_api()
2026-03-01 22:54:00:   File "/home/ubuntu/.openclaw/workspace/silhouette-brain/src/api/enhanced_memory_api.py", line 327, in run_api
2026-03-01 22:54:00:     server = ReuseAddressServer(('0.0.0.0', port), MemoryAPIHandler)
2026-03-01 22:54:00:              ^^^^^^^^^^^^^^^^^^^^^^^^^^^^^^^^^^^^^^^^^^^^^^^^^^^^^^^
2026-03-01 22:54:00:   File "/usr/lib/python3.12/socketserver.py", line 457, in __init__
2026-03-01 22:54:00:     self.server_bind()
2026-03-01 22:54:00:   File "/usr/lib/python3.12/http/server.py", line 136, in server_bind
2026-03-01 22:54:00:     socketserver.TCPServer.server_bind(self)
2026-03-01 22:54:00:   File "/usr/lib/python3.12/socketserver.py", line 473, in server_bind
2026-03-01 22:54:00:     self.socket.bind(self.server_address)
2026-03-01 22:54:00: OSError: [Errno 98] Address already in use
2026-03-01 22:54:03: Traceback (most recent call last):
2026-03-01 22:54:03:   File "/home/ubuntu/.openclaw/workspace/silhouette-brain/src/api/enhanced_memory_api.py", line 340, in <module>
2026-03-01 22:54:03:     run_api()
2026-03-01 22:54:03:   File "/home/ubuntu/.openclaw/workspace/silhouette-brain/src/api/enhanced_memory_api.py", line 327, in run_api
2026-03-01 22:54:03:     server = ReuseAddressServer(('0.0.0.0', port), MemoryAPIHandler)
2026-03-01 22:54:03:              ^^^^^^^^^^^^^^^^^^^^^^^^^^^^^^^^^^^^^^^^^^^^^^^^^^^^^^^
2026-03-01 22:54:03:   File "/usr/lib/python3.12/socketserver.py", line 457, in __init__
2026-03-01 22:54:03:     self.server_bind()
2026-03-01 22:54:03:   File "/usr/lib/python3.12/http/server.py", line 136, in server_bind
2026-03-01 22:54:03:     socketserver.TCPServer.server_bind(self)
2026-03-01 22:54:03:   File "/usr/lib/python3.12/socketserver.py", line 473, in server_bind
2026-03-01 22:54:03:     self.socket.bind(self.server_address)
2026-03-01 22:54:03: OSError: [Errno 98] Address already in use
2026-03-01 22:54:05: Traceback (most recent call last):
2026-03-01 22:54:05:   File "/home/ubuntu/.openclaw/workspace/silhouette-brain/src/api/enhanced_memory_api.py", line 340, in <module>
2026-03-01 22:54:05:     run_api()
2026-03-01 22:54:05:   File "/home/ubuntu/.openclaw/workspace/silhouette-brain/src/api/enhanced_memory_api.py", line 327, in run_api
2026-03-01 22:54:05:     server = ReuseAddressServer(('0.0.0.0', port), MemoryAPIHandler)
2026-03-01 22:54:05:              ^^^^^^^^^^^^^^^^^^^^^^^^^^^^^^^^^^^^^^^^^^^^^^^^^^^^^^^
2026-03-01 22:54:05:   File "/usr/lib/python3.12/socketserver.py", line 457, in __init__
2026-03-01 22:54:05:     self.server_bind()
2026-03-01 22:54:05:   File "/usr/lib/python3.12/http/server.py", line 136, in server_bind
2026-03-01 22:54:05:     socketserver.TCPServer.server_bind(self)
2026-03-01 22:54:05:   File "/usr/lib/python3.12/socketserver.py", line 473, in server_bind
2026-03-01 22:54:05:     self.socket.bind(self.server_address)
2026-03-01 22:54:05: OSError: [Errno 98] Address already in use
2026-03-01 22:54:07: Traceback (most recent call last):
2026-03-01 22:54:07:   File "/home/ubuntu/.openclaw/workspace/silhouette-brain/src/api/enhanced_memory_api.py", line 340, in <module>
2026-03-01 22:54:07:     run_api()
2026-03-01 22:54:07:   File "/home/ubuntu/.openclaw/workspace/silhouette-brain/src/api/enhanced_memory_api.py", line 327, in run_api
2026-03-01 22:54:07:     server = ReuseAddressServer(('0.0.0.0', port), MemoryAPIHandler)
2026-03-01 22:54:07:              ^^^^^^^^^^^^^^^^^^^^^^^^^^^^^^^^^^^^^^^^^^^^^^^^^^^^^^^
2026-03-01 22:54:07:   File "/usr/lib/python3.12/socketserver.py", line 457, in __init__
2026-03-01 22:54:07:     self.server_bind()
2026-03-01 22:54:07:   File "/usr/lib/python3.12/http/server.py", line 136, in server_bind
2026-03-01 22:54:07:     socketserver.TCPServer.server_bind(self)
2026-03-01 22:54:07:   File "/usr/lib/python3.12/socketserver.py", line 473, in server_bind
2026-03-01 22:54:07:     self.socket.bind(self.server_address)
2026-03-01 22:54:07: OSError: [Errno 98] Address already in use
2026-03-01 22:54:10: Traceback (most recent call last):
2026-03-01 22:54:10:   File "/home/ubuntu/.openclaw/workspace/silhouette-brain/src/api/enhanced_memory_api.py", line 340, in <module>
2026-03-01 22:54:10:     run_api()
2026-03-01 22:54:10:   File "/home/ubuntu/.openclaw/workspace/silhouette-brain/src/api/enhanced_memory_api.py", line 327, in run_api
2026-03-01 22:54:10:     server = ReuseAddressServer(('0.0.0.0', port), MemoryAPIHandler)
2026-03-01 22:54:10:              ^^^^^^^^^^^^^^^^^^^^^^^^^^^^^^^^^^^^^^^^^^^^^^^^^^^^^^^
2026-03-01 22:54:10:   File "/usr/lib/python3.12/socketserver.py", line 457, in __init__
2026-03-01 22:54:10:     self.server_bind()
2026-03-01 22:54:10:   File "/usr/lib/python3.12/http/server.py", line 136, in server_bind
2026-03-01 22:54:10:     socketserver.TCPServer.server_bind(self)
2026-03-01 22:54:10:   File "/usr/lib/python3.12/socketserver.py", line 473, in server_bind
2026-03-01 22:54:10:     self.socket.bind(self.server_address)
2026-03-01 22:54:10: OSError: [Errno 98] Address already in use
2026-03-01 22:54:12: Traceback (most recent call last):
2026-03-01 22:54:12:   File "/home/ubuntu/.openclaw/workspace/silhouette-brain/src/api/enhanced_memory_api.py", line 340, in <module>
2026-03-01 22:54:12:     run_api()
2026-03-01 22:54:12:   File "/home/ubuntu/.openclaw/workspace/silhouette-brain/src/api/enhanced_memory_api.py", line 327, in run_api
2026-03-01 22:54:12:     server = ReuseAddressServer(('0.0.0.0', port), MemoryAPIHandler)
2026-03-01 22:54:12:              ^^^^^^^^^^^^^^^^^^^^^^^^^^^^^^^^^^^^^^^^^^^^^^^^^^^^^^^
2026-03-01 22:54:12:   File "/usr/lib/python3.12/socketserver.py", line 457, in __init__
2026-03-01 22:54:12:     self.server_bind()
2026-03-01 22:54:12:   File "/usr/lib/python3.12/http/server.py", line 136, in server_bind
2026-03-01 22:54:12:     socketserver.TCPServer.server_bind(self)
2026-03-01 22:54:12:   File "/usr/lib/python3.12/socketserver.py", line 473, in server_bind
2026-03-01 22:54:12:     self.socket.bind(self.server_address)
2026-03-01 22:54:12: OSError: [Errno 98] Address already in use
2026-03-01 22:54:14: Traceback (most recent call last):
2026-03-01 22:54:14:   File "/home/ubuntu/.openclaw/workspace/silhouette-brain/src/api/enhanced_memory_api.py", line 340, in <module>
2026-03-01 22:54:14:     run_api()
2026-03-01 22:54:14:   File "/home/ubuntu/.openclaw/workspace/silhouette-brain/src/api/enhanced_memory_api.py", line 327, in run_api
2026-03-01 22:54:14:     server = ReuseAddressServer(('0.0.0.0', port), MemoryAPIHandler)
2026-03-01 22:54:14:              ^^^^^^^^^^^^^^^^^^^^^^^^^^^^^^^^^^^^^^^^^^^^^^^^^^^^^^^
2026-03-01 22:54:14:   File "/usr/lib/python3.12/socketserver.py", line 457, in __init__
2026-03-01 22:54:14:     self.server_bind()
2026-03-01 22:54:14:   File "/usr/lib/python3.12/http/server.py", line 136, in server_bind
2026-03-01 22:54:14:     socketserver.TCPServer.server_bind(self)
2026-03-01 22:54:14:   File "/usr/lib/python3.12/socketserver.py", line 473, in server_bind
2026-03-01 22:54:14:     self.socket.bind(self.server_address)
2026-03-01 22:54:14: OSError: [Errno 98] Address already in use
2026-03-01 22:54:16: Traceback (most recent call last):
2026-03-01 22:54:16:   File "/home/ubuntu/.openclaw/workspace/silhouette-brain/src/api/enhanced_memory_api.py", line 340, in <module>
2026-03-01 22:54:16:     run_api()
2026-03-01 22:54:16:   File "/home/ubuntu/.openclaw/workspace/silhouette-brain/src/api/enhanced_memory_api.py", line 327, in run_api
2026-03-01 22:54:16:     server = ReuseAddressServer(('0.0.0.0', port), MemoryAPIHandler)
2026-03-01 22:54:16:              ^^^^^^^^^^^^^^^^^^^^^^^^^^^^^^^^^^^^^^^^^^^^^^^^^^^^^^^
2026-03-01 22:54:16:   File "/usr/lib/python3.12/socketserver.py", line 457, in __init__
2026-03-01 22:54:16:     self.server_bind()
2026-03-01 22:54:16:   File "/usr/lib/python3.12/http/server.py", line 136, in server_bind
2026-03-01 22:54:16:     socketserver.TCPServer.server_bind(self)
2026-03-01 22:54:16:   File "/usr/lib/python3.12/socketserver.py", line 473, in server_bind
2026-03-01 22:54:16:     self.socket.bind(self.server_address)
2026-03-01 22:54:16: OSError: [Errno 98] Address already in use
2026-03-01 22:54:19: Traceback (most recent call last):
2026-03-01 22:54:19:   File "/home/ubuntu/.openclaw/workspace/silhouette-brain/src/api/enhanced_memory_api.py", line 340, in <module>
2026-03-01 22:54:19:     run_api()
2026-03-01 22:54:19:   File "/home/ubuntu/.openclaw/workspace/silhouette-brain/src/api/enhanced_memory_api.py", line 327, in run_api
2026-03-01 22:54:19:     server = ReuseAddressServer(('0.0.0.0', port), MemoryAPIHandler)
2026-03-01 22:54:19:              ^^^^^^^^^^^^^^^^^^^^^^^^^^^^^^^^^^^^^^^^^^^^^^^^^^^^^^^
2026-03-01 22:54:19:   File "/usr/lib/python3.12/socketserver.py", line 457, in __init__
2026-03-01 22:54:19: self.server_bind()
2026-03-01 22:54:19:   File "/usr/lib/python3.12/http/server.py", line 136, in server_bind
2026-03-01 22:54:19:     socketserver.TCPServer.server_bind(self)
2026-03-01 22:54:19:   File "/usr/lib/python3.12/socketserver.py", line 473, in server_bind
2026-03-01 22:54:19:     self.socket.bind(self.server_address)
2026-03-01 22:54:19: OSError: [Errno 98] Address already in use
2026-03-01 22:54:21: Traceback (most recent call last):
2026-03-01 22:54:21:   File "/home/ubuntu/.openclaw/workspace/silhouette-brain/src/api/enhanced_memory_api.py", line 340, in <module>
2026-03-01 22:54:21:     run_api()
2026-03-01 22:54:21:   File "/home/ubuntu/.openclaw/workspace/silhouette-brain/src/api/enhanced_memory_api.py", line 327, in run_api
2026-03-01 22:54:21:     server = ReuseAddressServer(('0.0.0.0', port), MemoryAPIHandler)
2026-03-01 22:54:21:              ^^^^^^^^^^^^^^^^^^^^^^^^^^^^^^^^^^^^^^^^^^^^^^^^^^^^^^^
2026-03-01 22:54:21:   File "/usr/lib/python3.12/socketserver.py", line 457, in __init__
2026-03-01 22:54:21:     self.server_bind()
2026-03-01 22:54:21:   File "/usr/lib/python3.12/http/server.py", line 136, in server_bind
2026-03-01 22:54:21:     socketserver.TCPServer.server_bind(self)
2026-03-01 22:54:21:   File "/usr/lib/python3.12/socketserver.py", line 473, in server_bind
2026-03-01 22:54:21:     self.socket.bind(self.server_address)
2026-03-01 22:54:21: OSError: [Errno 98] Address already in use
2026-03-01 22:54:23: Traceback (most recent call last):
2026-03-01 22:54:23:   File "/home/ubuntu/.openclaw/workspace/silhouette-brain/src/api/enhanced_memory_api.py", line 340, in <module>
2026-03-01 22:54:23:     run_api()
2026-03-01 22:54:23:   File "/home/ubuntu/.openclaw/workspace/silhouette-brain/src/api/enhanced_memory_api.py", line 327, in run_api
2026-03-01 22:54:23:     server = ReuseAddressServer(('0.0.0.0', port), MemoryAPIHandler)
2026-03-01 22:54:23:              ^^^^^^^^^^^^^^^^^^^^^^^^^^^^^^^^^^^^^^^^^^^^^^^^^^^^^^^
2026-03-01 22:54:23:   File "/usr/lib/python3.12/socketserver.py", line 457, in __init__
2026-03-01 22:54:23:     self.server_bind()
2026-03-01 22:54:23:   File "/usr/lib/python3.12/http/server.py", line 136, in server_bind
2026-03-01 22:54:23:     socketserver.TCPServer.server_bind(self)
2026-03-01 22:54:23:   File "/usr/lib/python3.12/socketserver.py", line 473, in server_bind
2026-03-01 22:54:23:     self.socket.bind(self.server_address)
2026-03-01 22:54:23: OSError: [Errno 98] Address already in use
2026-03-01 22:54:26: Traceback (most recent call last):
2026-03-01 22:54:26:   File "/home/ubuntu/.openclaw/workspace/silhouette-brain/src/api/enhanced_memory_api.py", line 340, in <module>
2026-03-01 22:54:26:     run_api()
2026-03-01 22:54:26:   File "/home/ubuntu/.openclaw/workspace/silhouette-brain/src/api/enhanced_memory_api.py", line 327, in run_api
2026-03-01 22:54:26:     server = ReuseAddressServer(('0.0.0.0', port), MemoryAPIHandler)
2026-03-01 22:54:26:              ^^^^^^^^^^^^^^^^^^^^^^^^^^^^^^^^^^^^^^^^^^^^^^^^^^^^^^^
2026-03-01 22:54:26:   File "/usr/lib/python3.12/socketserver.py", line 457, in __init__
2026-03-01 22:54:26:     self.server_bind()
2026-03-01 22:54:26:   File "/usr/lib/python3.12/http/server.py", line 136, in server_bind
2026-03-01 22:54:26:     socketserver.TCPServer.server_bind(self)
2026-03-01 22:54:26:   File "/usr/lib/python3.12/socketserver.py", line 473, in server_bind
2026-03-01 22:54:26:     self.socket.bind(self.server_address)
2026-03-01 22:54:26: OSError: [Errno 98] Address already in use
2026-03-01 22:54:28: Traceback (most recent call last):
2026-03-01 22:54:28:   File "/home/ubuntu/.openclaw/workspace/silhouette-brain/src/api/enhanced_memory_api.py", line 340, in <module>
2026-03-01 22:54:28:     run_api()
2026-03-01 22:54:28:   File "/home/ubuntu/.openclaw/workspace/silhouette-brain/src/api/enhanced_memory_api.py", line 327, in run_api
2026-03-01 22:54:28:     server = ReuseAddressServer(('0.0.0.0', port), MemoryAPIHandler)
2026-03-01 22:54:28:              ^^^^^^^^^^^^^^^^^^^^^^^^^^^^^^^^^^^^^^^^^^^^^^^^^^^^^^^
2026-03-01 22:54:28:   File "/usr/lib/python3.12/socketserver.py", line 457, in __init__
2026-03-01 22:54:28:     self.server_bind()
2026-03-01 22:54:28:   File "/usr/lib/python3.12/http/server.py", line 136, in server_bind
2026-03-01 22:54:28:     socketserver.TCPServer.server_bind(self)
2026-03-01 22:54:28:   File "/usr/lib/python3.12/socketserver.py", line 473, in server_bind
2026-03-01 22:54:28:     self.socket.bind(self.server_address)
2026-03-01 22:54:28: OSError: [Errno 98] Address already in use
2026-03-01 22:54:30: Traceback (most recent call last):
2026-03-01 22:54:30:   File "/home/ubuntu/.openclaw/workspace/silhouette-brain/src/api/enhanced_memory_api.py", line 340, in <module>
2026-03-01 22:54:30:     run_api()
2026-03-01 22:54:30:   File "/home/ubuntu/.openclaw/workspace/silhouette-brain/src/api/enhanced_memory_api.py", line 327, in run_api
2026-03-01 22:54:30:     server = ReuseAddressServer(('0.0.0.0', port), MemoryAPIHandler)
2026-03-01 22:54:30:              ^^^^^^^^^^^^^^^^^^^^^^^^^^^^^^^^^^^^^^^^^^^^^^^^^^^^^^^
2026-03-01 22:54:30:   File "/usr/lib/python3.12/socketserver.py", line 457, in __init__
2026-03-01 22:54:30:     self.server_bind()
2026-03-01 22:54:30:   File "/usr/lib/python3.12/http/server.py", line 136, in server_bind
2026-03-01 22:54:30:     socketserver.TCPServer.server_bind(self)
2026-03-01 22:54:30:   File "/usr/lib/python3.12/socketserver.py", line 473, in server_bind
2026-03-01 22:54:30:     self.socket.bind(self.server_address)
2026-03-01 22:54:30: OSError: [Errno 98] Address already in use
2026-03-01 22:54:33: Traceback (most recent call last):
2026-03-01 22:54:33:   File "/home/ubuntu/.openclaw/workspace/silhouette-brain/src/api/enhanced_memory_api.py", line 340, in <module>
2026-03-01 22:54:33:     run_api()
2026-03-01 22:54:33:   File "/home/ubuntu/.openclaw/workspace/silhouette-brain/src/api/enhanced_memory_api.py", line 327, in run_api
2026-03-01 22:54:33:     server = ReuseAddressServer(('0.0.0.0', port), MemoryAPIHandler)
2026-03-01 22:54:33:              ^^^^^^^^^^^^^^^^^^^^^^^^^^^^^^^^^^^^^^^^^^^^^^^^^^^^^^^
2026-03-01 22:54:33:   File "/usr/lib/python3.12/socketserver.py", line 457, in __init__
2026-03-01 22:54:33:     self.server_bind()
2026-03-01 22:54:33:   File "/usr/lib/python3.12/http/server.py", line 136, in server_bind
2026-03-01 22:54:33:     socketserver.TCPServer.server_bind(self)
2026-03-01 22:54:33:   File "/usr/lib/python3.12/socketserver.py", line 473, in server_bind
2026-03-01 22:54:33:     self.socket.bind(self.server_address)
2026-03-01 22:54:33: OSError: [Errno 98] Address already in use
2026-03-01 22:54:35: Traceback (most recent call last):
2026-03-01 22:54:35:   File "/home/ubuntu/.openclaw/workspace/silhouette-brain/src/api/enhanced_memory_api.py", line 340, in <module>
2026-03-01 22:54:35:     run_api()
2026-03-01 22:54:35:   File "/home/ubuntu/.openclaw/workspace/silhouette-brain/src/api/enhanced_memory_api.py", line 327, in run_api
2026-03-01 22:54:35:     server = ReuseAddressServer(('0.0.0.0', port), MemoryAPIHandler)
2026-03-01 22:54:35:              ^^^^^^^^^^^^^^^^^^^^^^^^^^^^^^^^^^^^^^^^^^^^^^^^^^^^^^^
2026-03-01 22:54:35:   File "/usr/lib/python3.12/socketserver.py", line 457, in __init__
2026-03-01 22:54:35:     self.server_bind()
2026-03-01 22:54:35:   File "/usr/lib/python3.12/http/server.py", line 136, in server_bind
2026-03-01 22:54:35:     socketserver.TCPServer.server_bind(self)
2026-03-01 22:54:35:   File "/usr/lib/python3.12/socketserver.py", line 473, in server_bind
2026-03-01 22:54:35:     self.socket.bind(self.server_address)
2026-03-01 22:54:35: OSError: [Errno 98] Address already in use
2026-03-01 22:54:37: Traceback (most recent call last):
2026-03-01 22:54:37:   File "/home/ubuntu/.openclaw/workspace/silhouette-brain/src/api/enhanced_memory_api.py", line 340, in <module>
2026-03-01 22:54:37:     run_api()
2026-03-01 22:54:37:   File "/home/ubuntu/.openclaw/workspace/silhouette-brain/src/api/enhanced_memory_api.py", line 327, in run_api
2026-03-01 22:54:37:     server = ReuseAddressServer(('0.0.0.0', port), MemoryAPIHandler)
2026-03-01 22:54:37:              ^^^^^^^^^^^^^^^^^^^^^^^^^^^^^^^^^^^^^^^^^^^^^^^^^^^^^^^
2026-03-01 22:54:37:   File "/usr/lib/python3.12/socketserver.py", line 457, in __init__
2026-03-01 22:54:37:     self.server_bind()
2026-03-01 22:54:37:   File "/usr/lib/python3.12/http/server.py", line 136, in server_bind
2026-03-01 22:54:37:     socketserver.TCPServer.server_bind(self)
2026-03-01 22:54:37:   File "/usr/lib/python3.12/socketserver.py", line 473, in server_bind
2026-03-01 22:54:37:     self.socket.bind(self.server_address)
2026-03-01 22:54:37: OSError: [Errno 98] Address already in use
2026-03-01 22:54:39: Traceback (most recent call last):
2026-03-01 22:54:39:   File "/home/ubuntu/.openclaw/workspace/silhouette-brain/src/api/enhanced_memory_api.py", line 340, in <module>
2026-03-01 22:54:39:     run_api()
2026-03-01 22:54:39:   File "/home/ubuntu/.openclaw/workspace/silhouette-brain/src/api/enhanced_memory_api.py", line 327, in run_api
2026-03-01 22:54:39:     server = ReuseAddressServer(('0.0.0.0', port), MemoryAPIHandler)
2026-03-01 22:54:39:              ^^^^^^^^^^^^^^^^^^^^^^^^^^^^^^^^^^^^^^^^^^^^^^^^^^^^^^^
2026-03-01 22:54:39:   File "/usr/lib/python3.12/socketserver.py", line 457, in __init__
2026-03-01 22:54:39:     self.server_bind()
2026-03-01 22:54:39:   File "/usr/lib/python3.12/http/server.py", line 136, in server_bind
2026-03-01 22:54:39:     socketserver.TCPServer.server_bind(self)
2026-03-01 22:54:39:   File "/usr/lib/python3.12/socketserver.py", line 473, in server_bind
2026-03-01 22:54:39:     self.socket.bind(self.server_address)
2026-03-01 22:54:39: OSError: [Errno 98] Address already in use
2026-03-01 22:54:42: Traceback (most recent call last):
2026-03-01 22:54:42:   File "/home/ubuntu/.openclaw/workspace/silhouette-brain/src/api/enhanced_memory_api.py", line 340, in <module>
2026-03-01 22:54:42:     run_api()
2026-03-01 22:54:42:   File "/home/ubuntu/.openclaw/workspace/silhouette-brain/src/api/enhanced_memory_api.py", line 327, in run_api
2026-03-01 22:54:42:     server = ReuseAddressServer(('0.0.0.0', port), MemoryAPIHandler)
2026-03-01 22:54:42:              ^^^^^^^^^^^^^^^^^^^^^^^^^^^^^^^^^^^^^^^^^^^^^^^^^^^^^^^
2026-03-01 22:54:42:   File "/usr/lib/python3.12/socketserver.py", line 457, in __init__
2026-03-01 22:54:42:     self.server_bind()
2026-03-01 22:54:42:   File "/usr/lib/python3.12/http/server.py", line 136, in server_bind
2026-03-01 22:54:42:     socketserver.TCPServer.server_bind(self)
2026-03-01 22:54:42:   File "/usr/lib/python3.12/socketserver.py", line 473, in server_bind
2026-03-01 22:54:42:     self.socket.bind(self.server_address)
2026-03-01 22:54:42: OSError: [Errno 98] Address already in use
2026-03-01 22:54:44: Traceback (most recent call last):
2026-03-01 22:54:44:   File "/home/ubuntu/.openclaw/workspace/silhouette-brain/src/api/enhanced_memory_api.py", line 340, in <module>
2026-03-01 22:54:44:     run_api()
2026-03-01 22:54:44:   File "/home/ubuntu/.openclaw/workspace/silhouette-brain/src/api/enhanced_memory_api.py", line 327, in run_api
2026-03-01 22:54:44:     server = ReuseAddressServer(('0.0.0.0', port), MemoryAPIHandler)
2026-03-01 22:54:44:              ^^^^^^^^^^^^^^^^^^^^^^^^^^^^^^^^^^^^^^^^^^^^^^^^^^^^^^^
2026-03-01 22:54:44:   File "/usr/lib/python3.12/socketserver.py", line 457, in __init__
2026-03-01 22:54:44:     self.server_bind()
2026-03-01 22:54:44:   File "/usr/lib/python3.12/http/server.py", line 136, in server_bind
2026-03-01 22:54:44:     socketserver.TCPServer.server_bind(self)
2026-03-01 22:54:44:   File "/usr/lib/python3.12/socketserver.py", line 473, in server_bind
2026-03-01 22:54:44:     self.socket.bind(self.server_address)
2026-03-01 22:54:44: OSError: [Errno 98] Address already in use
2026-03-01 22:54:46: Traceback (most recent call last):
2026-03-01 22:54:46:   File "/home/ubuntu/.openclaw/workspace/silhouette-brain/src/api/enhanced_memory_api.py", line 340, in <module>
2026-03-01 22:54:46:     run_api()
2026-03-01 22:54:46:   File "/home/ubuntu/.openclaw/workspace/silhouette-brain/src/api/enhanced_memory_api.py", line 327, in run_api
2026-03-01 22:54:46:     server = ReuseAddressServer(('0.0.0.0', port), MemoryAPIHandler)
2026-03-01 22:54:46:              ^^^^^^^^^^^^^^^^^^^^^^^^^^^^^^^^^^^^^^^^^^^^^^^^^^^^^^^
2026-03-01 22:54:46:   File "/usr/lib/python3.12/socketserver.py", line 457, in __init__
2026-03-01 22:54:46:     self.server_bind()
2026-03-01 22:54:46:   File "/usr/lib/python3.12/http/server.py", line 136, in server_bind
2026-03-01 22:54:46:     socketserver.TCPServer.server_bind(self)
2026-03-01 22:54:46:   File "/usr/lib/python3.12/socketserver.py", line 473, in server_bind
2026-03-01 22:54:46:     self.socket.bind(self.server_address)
2026-03-01 22:54:46: OSError: [Errno 98] Address already in use
2026-03-01 22:54:49: Traceback (most recent call last):
2026-03-01 22:54:49:   File "/home/ubuntu/.openclaw/workspace/silhouette-brain/src/api/enhanced_memory_api.py", line 340, in <module>
2026-03-01 22:54:49:     run_api()
2026-03-01 22:54:49:   File "/home/ubuntu/.openclaw/workspace/silhouette-brain/src/api/enhanced_memory_api.py", line 327, in run_api
2026-03-01 22:54:49:     server = ReuseAddressServer(('0.0.0.0', port), MemoryAPIHandler)
2026-03-01 22:54:49:              ^^^^^^^^^^^^^^^^^^^^^^^^^^^^^^^^^^^^^^^^^^^^^^^^^^^^^^^
2026-03-01 22:54:49:   File "/usr/lib/python3.12/socketserver.py", line 457, in __init__
2026-03-01 22:54:49:     self.server_bind()
2026-03-01 22:54:49:   File "/usr/lib/python3.12/http/server.py", line 136, in server_bind
2026-03-01 22:54:49:     socketserver.TCPServer.server_bind(self)
2026-03-01 22:54:49:   File "/usr/lib/python3.12/socketserver.py", line 473, in server_bind
2026-03-01 22:54:49:     self.socket.bind(self.server_address)
2026-03-01 22:54:49: OSError: [Errno 98] Address already in use
2026-03-01 22:54:51: Traceback (most recent call last):
2026-03-01 22:54:51:   File "/home/ubuntu/.openclaw/workspace/silhouette-brain/src/api/enhanced_memory_api.py", line 340, in <module>
2026-03-01 22:54:51:     run_api()
2026-03-01 22:54:51:   File "/home/ubuntu/.openclaw/workspace/silhouette-brain/src/api/enhanced_memory_api.py", line 327, in run_api
2026-03-01 22:54:51:     server = ReuseAddressServer(('0.0.0.0', port), MemoryAPIHandler)
2026-03-01 22:54:51:              ^^^^^^^^^^^^^^^^^^^^^^^^^^^^^^^^^^^^^^^^^^^^^^^^^^^^^^^
2026-03-01 22:54:51:   File "/usr/lib/python3.12/socketserver.py", line 457, in __init__
2026-03-01 22:54:51:     self.server_bind()
2026-03-01 22:54:51:   File "/usr/lib/python3.12/http/server.py", line 136, in server_bind
2026-03-01 22:54:51:     socketserver.TCPServer.server_bind(self)
2026-03-01 22:54:51:   File "/usr/lib/python3.12/socketserver.py", line 473, in server_bind
2026-03-01 22:54:51:     self.socket.bind(self.server_address)
2026-03-01 22:54:51: OSError: [Errno 98] Address already in use
2026-03-01 22:54:53: Traceback (most recent call last):
2026-03-01 22:54:53:   File "/home/ubuntu/.openclaw/workspace/silhouette-brain/src/api/enhanced_memory_api.py", line 340, in <module>
2026-03-01 22:54:53:     run_api()
2026-03-01 22:54:53:   File "/home/ubuntu/.openclaw/workspace/silhouette-brain/src/api/enhanced_memory_api.py", line 327, in run_api
2026-03-01 22:54:53:     server = ReuseAddressServer(('0.0.0.0', port), MemoryAPIHandler)
2026-03-01 22:54:53:              ^^^^^^^^^^^^^^^^^^^^^^^^^^^^^^^^^^^^^^^^^^^^^^^^^^^^^^^
2026-03-01 22:54:53:   File "/usr/lib/python3.12/socketserver.py", line 457, in __init__
2026-03-01 22:54:53:     self.server_bind()
2026-03-01 22:54:53:   File "/usr/lib/python3.12/http/server.py", line 136, in server_bind
2026-03-01 22:54:53:     socketserver.TCPServer.server_bind(self)
2026-03-01 22:54:53:   File "/usr/lib/python3.12/socketserver.py", line 473, in server_bind
2026-03-01 22:54:53:     self.socket.bind(self.server_address)
2026-03-01 22:54:53: OSError: [Errno 98] Address already in use
2026-03-01 22:54:55: Traceback (most recent call last):
2026-03-01 22:54:55:   File "/home/ubuntu/.openclaw/workspace/silhouette-brain/src/api/enhanced_memory_api.py", line 340, in <module>
2026-03-01 22:54:55:     run_api()
2026-03-01 22:54:55:   File "/home/ubuntu/.openclaw/workspace/silhouette-brain/src/api/enhanced_memory_api.py", line 327, in run_api
2026-03-01 22:54:55:     server = ReuseAddressServer(('0.0.0.0', port), MemoryAPIHandler)
2026-03-01 22:54:55:              ^^^^^^^^^^^^^^^^^^^^^^^^^^^^^^^^^^^^^^^^^^^^^^^^^^^^^^^
2026-03-01 22:54:55:   File "/usr/lib/python3.12/socketserver.py", line 457, in __init__
2026-03-01 22:54:55:     self.server_bind()
2026-03-01 22:54:55:   File "/usr/lib/python3.12/http/server.py", line 136, in server_bind
2026-03-01 22:54:55:     socketserver.TCPServer.server_bind(self)
2026-03-01 22:54:55:   File "/usr/lib/python3.12/socketserver.py", line 473, in server_bind
2026-03-01 22:54:55:     self.socket.bind(self.server_address)
2026-03-01 22:54:55: OSError: [Errno 98] Address already in use
2026-03-01 22:54:58: Traceback (most recent call last):
2026-03-01 22:54:58:   File "/home/ubuntu/.openclaw/workspace/silhouette-brain/src/api/enhanced_memory_api.py", line 340, in <module>
2026-03-01 22:54:58:     run_api()
2026-03-01 22:54:58:   File "/home/ubuntu/.openclaw/workspace/silhouette-brain/src/api/enhanced_memory_api.py", line 327, in run_api
2026-03-01 22:54:58:     server = ReuseAddressServer(('0.0.0.0', port), MemoryAPIHandler)
2026-03-01 22:54:58:              ^^^^^^^^^^^^^^^^^^^^^^^^^^^^^^^^^^^^^^^^^^^^^^^^^^^^^^^
2026-03-01 22:54:58:   File "/usr/lib/python3.12/socketserver.py", line 457, in __init__
2026-03-01 22:54:58:     self.server_bind()
2026-03-01 22:54:58:   File "/usr/lib/python3.12/http/server.py", line 136, in server_bind
2026-03-01 22:54:58:     socketserver.TCPServer.server_bind(self)
2026-03-01 22:54:58:   File "/usr/lib/python3.12/socketserver.py", line 473, in server_bind
2026-03-01 22:54:58:     self.socket.bind(self.server_address)
2026-03-01 22:54:58: OSError: [Errno 98] Address already in use
2026-03-01 22:55:00: Traceback (most recent call last):
2026-03-01 22:55:00:   File "/home/ubuntu/.openclaw/workspace/silhouette-brain/src/api/enhanced_memory_api.py", line 340, in <module>
2026-03-01 22:55:00:     
2026-03-01 22:55:00: run_api()
2026-03-01 22:55:00: 
2026-03-01 22:55:00:   File "/home/ubuntu/.openclaw/workspace/silhouette-brain/src/api/enhanced_memory_api.py", line 327, in run_api
2026-03-01 22:55:00:     
2026-03-01 22:55:00: server = ReuseAddressServer(('0.0.0.0', port), MemoryAPIHandler)
2026-03-01 22:55:00: 
2026-03-01 22:55:00:  
2026-03-01 22:55:00:  
2026-03-01 22:55:00:  
2026-03-01 22:55:00:  
2026-03-01 22:55:00:  
2026-03-01 22:55:00:         ^^^^^^^^^^^^^^^^^^^^^^^^^^^^^^^^^^^^^^^^^^^^^^^^^^^^^^^
2026-03-01 22:55:00:   File "/usr/lib/python3.12/socketserver.py", line 457, in __init__
2026-03-01 22:55:00:     self.server_bind()
2026-03-01 22:55:00:   File "/usr/lib/python3.12/http/server.py", line 136, in server_bind
2026-03-01 22:55:00:     socketserver.TCPServer.server_bind(self)
2026-03-01 22:55:00:   File "/usr/lib/python3.12/socketserver.py", line 473, in server_bind
2026-03-01 22:55:00:     self.socket.bind(self.server_address)
2026-03-01 22:55:00: OSError: [Errno 98] Address already in use
2026-03-01 22:55:02: Traceback (most recent call last):
2026-03-01 22:55:02:   File "/home/ubuntu/.openclaw/workspace/silhouette-brain/src/api/enhanced_memory_api.py", line 340, in <module>
2026-03-01 22:55:02:     run_api()
2026-03-01 22:55:02:   File "/home/ubuntu/.openclaw/workspace/silhouette-brain/src/api/enhanced_memory_api.py", line 327, in run_api
2026-03-01 22:55:02:     server = ReuseAddressServer(('0.0.0.0', port), MemoryAPIHandler)
2026-03-01 22:55:02:              ^^^^^^^^^^^^^^^^^^^^^^^^^^^^^^^^^^^^^^^^^^^^^^^^^^^^^^^
2026-03-01 22:55:02:   File "/usr/lib/python3.12/socketserver.py", line 457, in __init__
2026-03-01 22:55:02:     self.server_bind()
2026-03-01 22:55:02:   File "/usr/lib/python3.12/http/server.py", line 136, in server_bind
2026-03-01 22:55:02:     socketserver.TCPServer.server_bind(self)
2026-03-01 22:55:02:   File "/usr/lib/python3.12/socketserver.py", line 473, in server_bind
2026-03-01 22:55:02:     self.socket.bind(self.server_address)
2026-03-01 22:55:02: OSError: [Errno 98] Address already in use
2026-03-01 22:55:05: Traceback (most recent call last):
2026-03-01 22:55:05:   File "/home/ubuntu/.openclaw/workspace/silhouette-brain/src/api/enhanced_memory_api.py", line 340, in <module>
2026-03-01 22:55:05:     run_api()
2026-03-01 22:55:05:   File "/home/ubuntu/.openclaw/workspace/silhouette-brain/src/api/enhanced_memory_api.py", line 327, in run_api
2026-03-01 22:55:05:     server = ReuseAddressServer(('0.0.0.0', port), MemoryAPIHandler)
2026-03-01 22:55:05:              ^^^^^^^^^^^^^^^^^^^^^^^^^^^^^^^^^^^^^^^^^^^^^^^^^^^^^^^
2026-03-01 22:55:05:   File "/usr/lib/python3.12/socketserver.py", line 457, in __init__
2026-03-01 22:55:05:     self.server_bind()
2026-03-01 22:55:05:   File "/usr/lib/python3.12/http/server.py", line 136, in server_bind
2026-03-01 22:55:05:     socketserver.TCPServer.server_bind(self)
2026-03-01 22:55:05:   File "/usr/lib/python3.12/socketserver.py", line 473, in server_bind
2026-03-01 22:55:05:     self.socket.bind(self.server_address)
2026-03-01 22:55:05: OSError: [Errno 98] Address already in use
2026-03-01 22:55:07: Traceback (most recent call last):
2026-03-01 22:55:07:   File "/home/ubuntu/.openclaw/workspace/silhouette-brain/src/api/enhanced_memory_api.py", line 340, in <module>
2026-03-01 22:55:07:     run_api()
2026-03-01 22:55:07:   File "/home/ubuntu/.openclaw/workspace/silhouette-brain/src/api/enhanced_memory_api.py", line 327, in run_api
2026-03-01 22:55:07:     server = ReuseAddressServer(('0.0.0.0', port), MemoryAPIHandler)
2026-03-01 22:55:07:              ^^^^^^^^^^^^^^^^^^^^^^^^^^^^^^^^^^^^^^^^^^^^^^^^^^^^^^^
2026-03-01 22:55:07:   File "/usr/lib/python3.12/socketserver.py", line 457, in __init__
2026-03-01 22:55:07:     self.server_bind()
2026-03-01 22:55:07:   File "/usr/lib/python3.12/http/server.py", line 136, in server_bind
2026-03-01 22:55:07:     socketserver.TCPServer.server_bind(self)
2026-03-01 22:55:07:   File "/usr/lib/python3.12/socketserver.py", line 473, in server_bind
2026-03-01 22:55:07:     self.socket.bind(self.server_address)
2026-03-01 22:55:07: OSError: [Errno 98] Address already in use
2026-03-01 22:55:09: Traceback (most recent call last):
2026-03-01 22:55:09:   File "/home/ubuntu/.openclaw/workspace/silhouette-brain/src/api/enhanced_memory_api.py", line 340, in <module>
2026-03-01 22:55:09:     run_api()
2026-03-01 22:55:09:   File "/home/ubuntu/.openclaw/workspace/silhouette-brain/src/api/enhanced_memory_api.py", line 327, in run_api
2026-03-01 22:55:09:     server = ReuseAddressServer(('0.0.0.0', port), MemoryAPIHandler)
2026-03-01 22:55:09:              ^^^^^^^^^^^^^^^^^^^^^^^^^^^^^^^^^^^^^^^^^^^^^^^^^^^^^^^
2026-03-01 22:55:09:   File "/usr/lib/python3.12/socketserver.py", line 457, in __init__
2026-03-01 22:55:09:     self.server_bind()
2026-03-01 22:55:09:   File "/usr/lib/python3.12/http/server.py", line 136, in server_bind
2026-03-01 22:55:09:     socketserver.TCPServer.server_bind(self)
2026-03-01 22:55:09:   File "/usr/lib/python3.12/socketserver.py", line 473, in server_bind
2026-03-01 22:55:09:     self.socket.bind(self.server_address)
2026-03-01 22:55:09: OSError: [Errno 98] Address already in use
2026-03-01 22:55:12: Traceback (most recent call last):
2026-03-01 22:55:12:   File "/home/ubuntu/.openclaw/workspace/silhouette-brain/src/api/enhanced_memory_api.py", line 340, in <module>
2026-03-01 22:55:12:     run_api()
2026-03-01 22:55:12:   File "/home/ubuntu/.openclaw/workspace/silhouette-brain/src/api/enhanced_memory_api.py", line 327, in run_api
2026-03-01 22:55:12:     server = ReuseAddressServer(('0.0.0.0', port), MemoryAPIHandler)
2026-03-01 22:55:12:              ^^^^^^^^^^^^^^^^^^^^^^^^^^^^^^^^^^^^^^^^^^^^^^^^^^^^^^^
2026-03-01 22:55:12:   File "/usr/lib/python3.12/socketserver.py", line 457, in __init__
2026-03-01 22:55:12:     self.server_bind()
2026-03-01 22:55:12:   File "/usr/lib/python3.12/http/server.py", line 136, in server_bind
2026-03-01 22:55:12:     socketserver.TCPServer.server_bind(self)
2026-03-01 22:55:12:   File "/usr/lib/python3.12/socketserver.py", line 473, in server_bind
2026-03-01 22:55:12:     self.socket.bind(self.server_address)
2026-03-01 22:55:12: OSError: [Errno 98] Address already in use
2026-03-01 22:55:14: Traceback (most recent call last):
2026-03-01 22:55:14:   File "/home/ubuntu/.openclaw/workspace/silhouette-brain/src/api/enhanced_memory_api.py", line 340, in <module>
2026-03-01 22:55:14:     run_api()
2026-03-01 22:55:14:   File "/home/ubuntu/.openclaw/workspace/silhouette-brain/src/api/enhanced_memory_api.py", line 327, in run_api
2026-03-01 22:55:14:     server = ReuseAddressServer(('0.0.0.0', port), MemoryAPIHandler)
2026-03-01 22:55:14:              ^^^^^^^^^^^^^^^^^^^^^^^^^^^^^^^^^^^^^^^^^^^^^^^^^^^^^^^
2026-03-01 22:55:14:   File "/usr/lib/python3.12/socketserver.py", line 457, in __init__
2026-03-01 22:55:14:     self.server_bind()
2026-03-01 22:55:14:   File "/usr/lib/python3.12/http/server.py", line 136, in server_bind
2026-03-01 22:55:14:     socketserver.TCPServer.server_bind(self)
2026-03-01 22:55:14:   File "/usr/lib/python3.12/socketserver.py", line 473, in server_bind
2026-03-01 22:55:14:     self.socket.bind(self.server_address)
2026-03-01 22:55:14: OSError: [Errno 98] Address already in use
2026-03-01 22:55:16: Traceback (most recent call last):
2026-03-01 22:55:16:   File "/home/ubuntu/.openclaw/workspace/silhouette-brain/src/api/enhanced_memory_api.py", line 340, in <module>
2026-03-01 22:55:16:     run_api()
2026-03-01 22:55:16:   File "/home/ubuntu/.openclaw/workspace/silhouette-brain/src/api/enhanced_memory_api.py", line 327, in run_api
2026-03-01 22:55:16:     server = ReuseAddressServer(('0.0.0.0', port), MemoryAPIHandler)
2026-03-01 22:55:16:              ^^^^^^^^^^^^^^^^^^^^^^^^^^^^^^^^^^^^^^^^^^^^^^^^^^^^^^^
2026-03-01 22:55:16:   File "/usr/lib/python3.12/socketserver.py", line 457, in __init__
2026-03-01 22:55:16:     self.server_bind()
2026-03-01 22:55:16:   File "/usr/lib/python3.12/http/server.py", line 136, in server_bind
2026-03-01 22:55:16:     socketserver.TCPServer.server_bind(self)
2026-03-01 22:55:16:   File "/usr/lib/python3.12/socketserver.py", line 473, in server_bind
2026-03-01 22:55:16:     self.socket.bind(self.server_address)
2026-03-01 22:55:16: OSError: [Errno 98] Address already in use
2026-03-01 22:55:18: Traceback (most recent call last):
2026-03-01 22:55:18:   File "/home/ubuntu/.openclaw/workspace/silhouette-brain/src/api/enhanced_memory_api.py", line 340, in <module>
2026-03-01 22:55:18:     run_api()
2026-03-01 22:55:18:   File "/home/ubuntu/.openclaw/workspace/silhouette-brain/src/api/enhanced_memory_api.py", line 327, in run_api
2026-03-01 22:55:18:     server = ReuseAddressServer(('0.0.0.0', port), MemoryAPIHandler)
2026-03-01 22:55:18:              ^^^^^^^^^^^^^^^^^^^^^^^^^^^^^^^^^^^^^^^^^^^^^^^^^^^^^^^
2026-03-01 22:55:18:   File "/usr/lib/python3.12/socketserver.py", line 457, in __init__
2026-03-01 22:55:18:     self.server_bind()
2026-03-01 22:55:18:   File "/usr/lib/python3.12/http/server.py", line 136, in server_bind
2026-03-01 22:55:18:     socketserver.TCPServer.server_bind(self)
2026-03-01 22:55:18:   File "/usr/lib/python3.12/socketserver.py", line 473, in server_bind
2026-03-01 22:55:18:     self.socket.bind(self.server_address)
2026-03-01 22:55:18: OSError: [Errno 98] Address already in use
2026-03-01 22:55:21: Traceback (most recent call last):
2026-03-01 22:55:21:   File "/home/ubuntu/.openclaw/workspace/silhouette-brain/src/api/enhanced_memory_api.py", line 340, in <module>
2026-03-01 22:55:21:     run_api()
2026-03-01 22:55:21:   File "/home/ubuntu/.openclaw/workspace/silhouette-brain/src/api/enhanced_memory_api.py", line 327, in run_api
2026-03-01 22:55:21:     server = ReuseAddressServer(('0.0.0.0', port), MemoryAPIHandler)
2026-03-01 22:55:21:              ^^^^^^^^^^^^^^^^^^^^^^^^^^^^^^^^^^^^^^^^^^^^^^^^^^^^^^^
2026-03-01 22:55:21:   File "/usr/lib/python3.12/socketserver.py", line 457, in __init__
2026-03-01 22:55:21:     self.server_bind()
2026-03-01 22:55:21:   File "/usr/lib/python3.12/http/server.py", line 136, in server_bind
2026-03-01 22:55:21:     socketserver.TCPServer.server_bind(self)
2026-03-01 22:55:21:   File "/usr/lib/python3.12/socketserver.py", line 473, in server_bind
2026-03-01 22:55:21:     self.socket.bind(self.server_address)
2026-03-01 22:55:21: OSError: [Errno 98] Address already in use
2026-03-01 22:55:23: Traceback (most recent call last):
2026-03-01 22:55:23:   File "/home/ubuntu/.openclaw/workspace/silhouette-brain/src/api/enhanced_memory_api.py", line 340, in <module>
2026-03-01 22:55:23:     run_api()
2026-03-01 22:55:23:   File "/home/ubuntu/.openclaw/workspace/silhouette-brain/src/api/enhanced_memory_api.py", line 327, in run_api
2026-03-01 22:55:23:     server = ReuseAddressServer(('0.0.0.0', port), MemoryAPIHandler)
2026-03-01 22:55:23:              ^^^^^^^^^^^^^^^^^^^^^^^^^^^^^^^^^^^^^^^^^^^^^^^^^^^^^^^
2026-03-01 22:55:23:   File "/usr/lib/python3.12/socketserver.py", line 457, in __init__
2026-03-01 22:55:23:     self.server_bind()
2026-03-01 22:55:23:   File "/usr/lib/python3.12/http/server.py", line 136, in server_bind
2026-03-01 22:55:23:     socketserver.TCPServer.server_bind(self)
2026-03-01 22:55:23:   File "/usr/lib/python3.12/socketserver.py", line 473, in server_bind
2026-03-01 22:55:23:     self.socket.bind(self.server_address)
2026-03-01 22:55:23: OSError: [Errno 98] Address already in use
2026-03-01 22:55:25: Traceback (most recent call last):
2026-03-01 22:55:25:   File "/home/ubuntu/.openclaw/workspace/silhouette-brain/src/api/enhanced_memory_api.py", line 340, in <module>
2026-03-01 22:55:25:     run_api()
2026-03-01 22:55:25:   File "/home/ubuntu/.openclaw/workspace/silhouette-brain/src/api/enhanced_memory_api.py", line 327, in run_api
2026-03-01 22:55:25:     server = ReuseAddressServer(('0.0.0.0', port), MemoryAPIHandler)
2026-03-01 22:55:25:              ^^^^^^^^^^^^^^^^^^^^^^^^^^^^^^^^^^^^^^^^^^^^^^^^^^^^^^^
2026-03-01 22:55:25:   File "/usr/lib/python3.12/socketserver.py", line 457, in __init__
2026-03-01 22:55:25:     self.server_bind()
2026-03-01 22:55:25:   File "/usr/lib/python3.12/http/server.py", line 136, in server_bind
2026-03-01 22:55:25:     socketserver.TCPServer.server_bind(self)
2026-03-01 22:55:25:   File "/usr/lib/python3.12/socketserver.py", line 473, in server_bind
2026-03-01 22:55:25:     self.socket.bind(self.server_address)
2026-03-01 22:55:25: OSError: [Errno 98] Address already in use
2026-03-01 22:55:28: Traceback (most recent call last):
2026-03-01 22:55:28:   File "/home/ubuntu/.openclaw/workspace/silhouette-brain/src/api/enhanced_memory_api.py", line 340, in <module>
2026-03-01 22:55:28:     run_api()
2026-03-01 22:55:28:   File "/home/ubuntu/.openclaw/workspace/silhouette-brain/src/api/enhanced_memory_api.py", line 327, in run_api
2026-03-01 22:55:28:     server = ReuseAddressServer(('0.0.0.0', port), MemoryAPIHandler)
2026-03-01 22:55:28:              ^^^^^^^^^^^^^^^^^^^^^^^^^^^^^^^^^^^^^^^^^^^^^^^^^^^^^^^
2026-03-01 22:55:28:   File "/usr/lib/python3.12/socketserver.py", line 457, in __init__
2026-03-01 22:55:28:     self.server_bind()
2026-03-01 22:55:28:   File "/usr/lib/python3.12/http/server.py", line 136, in server_bind
2026-03-01 22:55:28:     socketserver.TCPServer.server_bind(self)
2026-03-01 22:55:28:   File "/usr/lib/python3.12/socketserver.py", line 473, in server_bind
2026-03-01 22:55:28:     self.socket.bind(self.server_address)
2026-03-01 22:55:28: OSError: [Errno 98] Address already in use
2026-03-01 22:55:30: Traceback (most recent call last):
2026-03-01 22:55:30:   File "/home/ubuntu/.openclaw/workspace/silhouette-brain/src/api/enhanced_memory_api.py", line 340, in <module>
2026-03-01 22:55:30:     run_api()
2026-03-01 22:55:30:   File "/home/ubuntu/.openclaw/workspace/silhouette-brain/src/api/enhanced_memory_api.py", line 327, in run_api
2026-03-01 22:55:30:     server = ReuseAddressServer(('0.0.0.0', port), MemoryAPIHandler)
2026-03-01 22:55:30:              ^^^^^^^^^^^^^^^^^^^^^^^^^^^^^^^^^^^^^^^^^^^^^^^^^^^^^^^
2026-03-01 22:55:30:   File "/usr/lib/python3.12/socketserver.py", line 457, in __init__
2026-03-01 22:55:30:     self.server_bind()
2026-03-01 22:55:30:   File "/usr/lib/python3.12/http/server.py", line 136, in server_bind
2026-03-01 22:55:30:     socketserver.TCPServer.server_bind(self)
2026-03-01 22:55:30:   File "/usr/lib/python3.12/socketserver.py", line 473, in server_bind
2026-03-01 22:55:30:     self.socket.bind(self.server_address)
2026-03-01 22:55:30: OSError: [Errno 98] Address already in use
2026-03-01 22:55:32: Traceback (most recent call last):
2026-03-01 22:55:32:   File "/home/ubuntu/.openclaw/workspace/silhouette-brain/src/api/enhanced_memory_api.py", line 340, in <module>
2026-03-01 22:55:32:     run_api()
2026-03-01 22:55:32:   File "/home/ubuntu/.openclaw/workspace/silhouette-brain/src/api/enhanced_memory_api.py", line 327, in run_api
2026-03-01 22:55:32:     server = ReuseAddressServer(('0.0.0.0', port), MemoryAPIHandler)
2026-03-01 22:55:32:              ^^^^^^^^^^^^^^^^^^^^^^^^^^^^^^^^^^^^^^^^^^^^^^^^^^^^^^^
2026-03-01 22:55:32:   File "/usr/lib/python3.12/socketserver.py", line 457, in __init__
2026-03-01 22:55:32:     self.server_bind()
2026-03-01 22:55:32:   File "/usr/lib/python3.12/http/server.py", line 136, in server_bind
2026-03-01 22:55:32:     socketserver.TCPServer.server_bind(self)
2026-03-01 22:55:32:   File "/usr/lib/python3.12/socketserver.py", line 473, in server_bind
2026-03-01 22:55:32:     self.socket.bind(self.server_address)
2026-03-01 22:55:32: OSError: [Errno 98] Address already in use
2026-03-01 22:55:34: Traceback (most recent call last):
2026-03-01 22:55:34:   File "/home/ubuntu/.openclaw/workspace/silhouette-brain/src/api/enhanced_memory_api.py", line 340, in <module>
2026-03-01 22:55:34:     run_api()
2026-03-01 22:55:34:   File "/home/ubuntu/.openclaw/workspace/silhouette-brain/src/api/enhanced_memory_api.py", line 327, in run_api
2026-03-01 22:55:34:     server = ReuseAddressServer(('0.0.0.0', port), MemoryAPIHandler)
2026-03-01 22:55:34:              ^^^^^^^^^^^^^^^^^^^^^^^^^^^^^^^^^^^^^^^^^^^^^^^^^^^^^^^
2026-03-01 22:55:34:   File "/usr/lib/python3.12/socketserver.py", line 457, in __init__
2026-03-01 22:55:34:     self.server_bind()
2026-03-01 22:55:34:   File "/usr/lib/python3.12/http/server.py", line 136, in server_bind
2026-03-01 22:55:34:     socketserver.TCPServer.server_bind(self)
2026-03-01 22:55:34:   File "/usr/lib/python3.12/socketserver.py", line 473, in server_bind
2026-03-01 22:55:34:     self.socket.bind(self.server_address)
2026-03-01 22:55:34: OSError: [Errno 98] Address already in use
2026-03-01 22:55:37: Traceback (most recent call last):
2026-03-01 22:55:37:   File "/home/ubuntu/.openclaw/workspace/silhouette-brain/src/api/enhanced_memory_api.py", line 340, in <module>
2026-03-01 22:55:37:     run_api()
2026-03-01 22:55:37:   File "/home/ubuntu/.openclaw/workspace/silhouette-brain/src/api/enhanced_memory_api.py", line 327, in run_api
2026-03-01 22:55:37:     server = ReuseAddressServer(('0.0.0.0', port), MemoryAPIHandler)
2026-03-01 22:55:37:              ^^^^^^^^^^^^^^^^^^^^^^^^^^^^^^^^^^^^^^^^^^^^^^^^^^^^^^^
2026-03-01 22:55:37:   File "/usr/lib/python3.12/socketserver.py", line 457, in __init__
2026-03-01 22:55:37:     self.server_bind()
2026-03-01 22:55:37:   File "/usr/lib/python3.12/http/server.py", line 136, in server_bind
2026-03-01 22:55:37:     socketserver.TCPServer.server_bind(self)
2026-03-01 22:55:37:   File "/usr/lib/python3.12/socketserver.py", line 473, in server_bind
2026-03-01 22:55:37:     self.socket.bind(self.server_address)
2026-03-01 22:55:37: OSError: [Errno 98] Address already in use
2026-03-01 22:55:39: Traceback (most recent call last):
2026-03-01 22:55:39:   File "/home/ubuntu/.openclaw/workspace/silhouette-brain/src/api/enhanced_memory_api.py", line 340, in <module>
2026-03-01 22:55:39:     run_api()
2026-03-01 22:55:39:   File "/home/ubuntu/.openclaw/workspace/silhouette-brain/src/api/enhanced_memory_api.py", line 327, in run_api
2026-03-01 22:55:39:     server = ReuseAddressServer(('0.0.0.0', port), MemoryAPIHandler)
2026-03-01 22:55:39:              ^^^^^^^^^^^^^^^^^^^^^^^^^^^^^^^^^^^^^^^^^^^^^^^^^^^^^^^
2026-03-01 22:55:39:   File "/usr/lib/python3.12/socketserver.py", line 457, in __init__
2026-03-01 22:55:39:     self.server_bind()
2026-03-01 22:55:39:   File "/usr/lib/python3.12/http/server.py", line 136, in server_bind
2026-03-01 22:55:39:     socketserver.TCPServer.server_bind(self)
2026-03-01 22:55:39:   File "/usr/lib/python3.12/socketserver.py", line 473, in server_bind
2026-03-01 22:55:39:     self.socket.bind(self.server_address)
2026-03-01 22:55:39: OSError: [Errno 98] Address already in use
2026-03-01 22:55:41: Traceback (most recent call last):
2026-03-01 22:55:41:   File "/home/ubuntu/.openclaw/workspace/silhouette-brain/src/api/enhanced_memory_api.py", line 340, in <module>
2026-03-01 22:55:41:     run_api()
2026-03-01 22:55:41:   File "/home/ubuntu/.openclaw/workspace/silhouette-brain/src/api/enhanced_memory_api.py", line 327, in run_api
2026-03-01 22:55:41:     server = ReuseAddressServer(('0.0.0.0', port), MemoryAPIHandler)
2026-03-01 22:55:41:              ^^^^^^^^^^^^^^^^^^^^^^^^^^^^^^^^^^^^^^^^^^^^^^^^^^^^^^^
2026-03-01 22:55:41:   File "/usr/lib/python3.12/socketserver.py", line 457, in __init__
2026-03-01 22:55:41:     self.server_bind()
2026-03-01 22:55:41:   File "/usr/lib/python3.12/http/server.py", line 136, in server_bind
2026-03-01 22:55:41:     socketserver.TCPServer.server_bind(self)
2026-03-01 22:55:41:   File "/usr/lib/python3.12/socketserver.py", line 473, in server_bind
2026-03-01 22:55:41:     self.socket.bind(self.server_address)
2026-03-01 22:55:41: OSError: [Errno 98] Address already in use
2026-03-01 22:55:44: Traceback (most recent call last):
2026-03-01 22:55:44:   File "/home/ubuntu/.openclaw/workspace/silhouette-brain/src/api/enhanced_memory_api.py", line 340, in <module>
2026-03-01 22:55:44:     run_api()
2026-03-01 22:55:44:   File "/home/ubuntu/.openclaw/workspace/silhouette-brain/src/api/enhanced_memory_api.py", line 327, in run_api
2026-03-01 22:55:44:     server = ReuseAddressServer(('0.0.0.0', port), MemoryAPIHandler)
2026-03-01 22:55:44:              ^^^^^^^^^^^^^^^^^^^^^^^^^^^^^^^^^^^^^^^^^^^^^^^^^^^^^^^
2026-03-01 22:55:44:   File "/usr/lib/python3.12/socketserver.py", line 457, in __init__
2026-03-01 22:55:44:     self.server_bind()
2026-03-01 22:55:44:   File "/usr/lib/python3.12/http/server.py", line 136, in server_bind
2026-03-01 22:55:44:     socketserver.TCPServer.server_bind(self)
2026-03-01 22:55:44:   File "/usr/lib/python3.12/socketserver.py", line 473, in server_bind
2026-03-01 22:55:44:     self.socket.bind(self.server_address)
2026-03-01 22:55:44: OSError: [Errno 98] Address already in use
2026-03-01 22:55:46: Traceback (most recent call last):
2026-03-01 22:55:46:   File "/home/ubuntu/.openclaw/workspace/silhouette-brain/src/api/enhanced_memory_api.py", line 340, in <module>
2026-03-01 22:55:46:     run_api()
2026-03-01 22:55:46:   File "/home/ubuntu/.openclaw/workspace/silhouette-brain/src/api/enhanced_memory_api.py", line 327, in run_api
2026-03-01 22:55:46:     server = ReuseAddressServer(('0.0.0.0', port), MemoryAPIHandler)
2026-03-01 22:55:46:              ^^^^^^^^^^^^^^^^^^^^^^^^^^^^^^^^^^^^^^^^^^^^^^^^^^^^^^^
2026-03-01 22:55:46:   File "/usr/lib/python3.12/socketserver.py", line 457, in __init__
2026-03-01 22:55:46:     self.server_bind()
2026-03-01 22:55:46:   File "/usr/lib/python3.12/http/server.py", line 136, in server_bind
2026-03-01 22:55:46:     socketserver.TCPServer.server_bind(self)
2026-03-01 22:55:46:   File "/usr/lib/python3.12/socketserver.py", line 473, in server_bind
2026-03-01 22:55:46:     self.socket.bind(self.server_address)
2026-03-01 22:55:46: OSError: [Errno 98] Address already in use
2026-03-01 22:55:48: Traceback (most recent call last):
2026-03-01 22:55:48:   File "/home/ubuntu/.openclaw/workspace/silhouette-brain/src/api/enhanced_memory_api.py", line 340, in <module>
2026-03-01 22:55:48:     run_api()
2026-03-01 22:55:48:   File "/home/ubuntu/.openclaw/workspace/silhouette-brain/src/api/enhanced_memory_api.py", line 327, in run_api
2026-03-01 22:55:48:     server = ReuseAddressServer(('0.0.0.0', port), MemoryAPIHandler)
2026-03-01 22:55:48:              ^^^^^^^^^^^^^^^^^^^^^^^^^^^^^^^^^^^^^^^^^^^^^^^^^^^^^^^
2026-03-01 22:55:48:   File "/usr/lib/python3.12/socketserver.py", line 457, in __init__
2026-03-01 22:55:48:     self.server_bind()
2026-03-01 22:55:48:   File "/usr/lib/python3.12/http/server.py", line 136, in server_bind
2026-03-01 22:55:48:     socketserver.TCPServer.server_bind(self)
2026-03-01 22:55:48:   File "/usr/lib/python3.12/socketserver.py", line 473, in server_bind
2026-03-01 22:55:48:     self.socket.bind(self.server_address)
2026-03-01 22:55:48: OSError: [Errno 98] Address already in use
2026-03-01 22:55:50: Traceback (most recent call last):
2026-03-01 22:55:50:   File "/home/ubuntu/.openclaw/workspace/silhouette-brain/src/api/enhanced_memory_api.py", line 340, in <module>
2026-03-01 22:55:50:     run_api()
2026-03-01 22:55:50:   File "/home/ubuntu/.openclaw/workspace/silhouette-brain/src/api/enhanced_memory_api.py", line 327, in run_api
2026-03-01 22:55:50:     server = ReuseAddressServer(('0.0.0.0', port), MemoryAPIHandler)
2026-03-01 22:55:50:              ^^^^^^^^^^^^^^^^^^^^^^^^^^^^^^^^^^^^^^^^^^^^^^^^^^^^^^^
2026-03-01 22:55:50:   File "/usr/lib/python3.12/socketserver.py", line 457, in __init__
2026-03-01 22:55:50:     self.server_bind()
2026-03-01 22:55:50:   File "/usr/lib/python3.12/http/server.py", line 136, in server_bind
2026-03-01 22:55:50:     socketserver.TCPServer.server_bind(self)
2026-03-01 22:55:50:   File "/usr/lib/python3.12/socketserver.py", line 473, in server_bind
2026-03-01 22:55:50:     self.socket.bind(self.server_address)
2026-03-01 22:55:50: OSError: [Errno 98] Address already in use
2026-03-01 22:55:53: Traceback (most recent call last):
2026-03-01 22:55:53:   File "/home/ubuntu/.openclaw/workspace/silhouette-brain/src/api/enhanced_memory_api.py", line 340, in <module>
2026-03-01 22:55:53:     run_api()
2026-03-01 22:55:53:   File "/home/ubuntu/.openclaw/workspace/silhouette-brain/src/api/enhanced_memory_api.py", line 327, in run_api
2026-03-01 22:55:53:     server = ReuseAddressServer(('0.0.0.0', port), MemoryAPIHandler)
2026-03-01 22:55:53:              ^^^^^^^^^^^^^^^^^^^^^^^^^^^^^^^^^^^^^^^^^^^^^^^^^^^^^^^
2026-03-01 22:55:53:   File "/usr/lib/python3.12/socketserver.py", line 457, in __init__
2026-03-01 22:55:53:     self.server_bind()
2026-03-01 22:55:53:   File "/usr/lib/python3.12/http/server.py", line 136, in server_bind
2026-03-01 22:55:53:     socketserver.TCPServer.server_bind(self)
2026-03-01 22:55:53:   File "/usr/lib/python3.12/socketserver.py", line 473, in server_bind
2026-03-01 22:55:53:     self.socket.bind(self.server_address)
2026-03-01 22:55:53: OSError: [Errno 98] Address already in use
2026-03-01 22:55:55: Traceback (most recent call last):
2026-03-01 22:55:55:   File "/home/ubuntu/.openclaw/workspace/silhouette-brain/src/api/enhanced_memory_api.py", line 340, in <module>
2026-03-01 22:55:55:     run_api()
2026-03-01 22:55:55:   File "/home/ubuntu/.openclaw/workspace/silhouette-brain/src/api/enhanced_memory_api.py", line 327, in run_api
2026-03-01 22:55:55:     server = ReuseAddressServer(('0.0.0.0', port), MemoryAPIHandler)
2026-03-01 22:55:55:              ^^^^^^^^^^^^^^^^^^^^^^^^^^^^^^^^^^^^^^^^^^^^^^^^^^^^^^^
2026-03-01 22:55:55:   File "/usr/lib/python3.12/socketserver.py", line 457, in __init__
2026-03-01 22:55:55:     self.server_bind()
2026-03-01 22:55:55:   File "/usr/lib/python3.12/http/server.py", line 136, in server_bind
2026-03-01 22:55:55:     socketserver.TCPServer.server_bind(self)
2026-03-01 22:55:55:   File "/usr/lib/python3.12/socketserver.py", line 473, in server_bind
2026-03-01 22:55:55:     self.socket.bind(self.server_address)
2026-03-01 22:55:55: OSError: [Errno 98] Address already in use
2026-03-01 22:55:57: Traceback (most recent call last):
2026-03-01 22:55:57:   File "/home/ubuntu/.openclaw/workspace/silhouette-brain/src/api/enhanced_memory_api.py", line 340, in <module>
2026-03-01 22:55:57:     run_api()
2026-03-01 22:55:57:   File "/home/ubuntu/.openclaw/workspace/silhouette-brain/src/api/enhanced_memory_api.py", line 327, in run_api
2026-03-01 22:55:57:     server = ReuseAddressServer(('0.0.0.0', port), MemoryAPIHandler)
2026-03-01 22:55:57:              ^^^^^^^^^^^^^^^^^^^^^^^^^^^^^^^^^^^^^^^^^^^^^^^^^^^^^^^
2026-03-01 22:55:57:   File "/usr/lib/python3.12/socketserver.py", line 457, in __init__
2026-03-01 22:55:57:     self.server_bind()
2026-03-01 22:55:57:   File "/usr/lib/python3.12/http/server.py", line 136, in server_bind
2026-03-01 22:55:57:     socketserver.TCPServer.server_bind(self)
2026-03-01 22:55:57:   File "/usr/lib/python3.12/socketserver.py", line 473, in server_bind
2026-03-01 22:55:57:     self.socket.bind(self.server_address)
2026-03-01 22:55:57: : [Errno 98] Address already in use
2026-03-01 22:56:00: Traceback (most recent call last):
2026-03-01 22:56:00:   File "/home/ubuntu/.openclaw/workspace/silhouette-brain/src/api/enhanced_memory_api.py", line 340, in <module>
2026-03-01 22:56:00:     run_api()
2026-03-01 22:56:00:   File "/home/ubuntu/.openclaw/workspace/silhouette-brain/src/api/enhanced_memory_api.py", line 327, in run_api
2026-03-01 22:56:00:     server = ReuseAddressServer(('0.0.0.0', port), MemoryAPIHandler)
2026-03-01 22:56:00:              ^^^^^^^^^^^^^^^^^^^^^^^^^^^^^^^^^^^^^^^^^^^^^^^^^^^^^^^
2026-03-01 22:56:00:   File "/usr/lib/python3.12/socketserver.py", line 457, in __init__
2026-03-01 22:56:00:     self.server_bind()
2026-03-01 22:56:00:   File "/usr/lib/python3.12/http/server.py", line 136, in server_bind
2026-03-01 22:56:00:     socketserver.TCPServer.server_bind(self)
2026-03-01 22:56:00:   File "/usr/lib/python3.12/socketserver.py", line 473, in server_bind
2026-03-01 22:56:00:     self.socket.bind(self.server_address)
2026-03-01 22:56:00: OSError: [Errno 98] Address already in use
2026-03-01 22:56:02: Traceback (most recent call last):
2026-03-01 22:56:02:   File "/home/ubuntu/.openclaw/workspace/silhouette-brain/src/api/enhanced_memory_api.py", line 340, in <module>
2026-03-01 22:56:02:     run_api()
2026-03-01 22:56:02:   File "/home/ubuntu/.openclaw/workspace/silhouette-brain/src/api/enhanced_memory_api.py", line 327, in run_api
2026-03-01 22:56:02:     server = ReuseAddressServer(('0.0.0.0', port), MemoryAPIHandler)
2026-03-01 22:56:02:              ^^^^^^^^^^^^^^^^^^^^^^^^^^^^^^^^^^^^^^^^^^^^^^^^^^^^^^^
2026-03-01 22:56:02:   File "/usr/lib/python3.12/socketserver.py", line 457, in __init__
2026-03-01 22:56:02:     self.server_bind()
2026-03-01 22:56:02:   File "/usr/lib/python3.12/http/server.py", line 136, in server_bind
2026-03-01 22:56:02:     socketserver.TCPServer.server_bind(self)
2026-03-01 22:56:02:   File "/usr/lib/python3.12/socketserver.py", line 473, in server_bind
2026-03-01 22:56:02:     self.socket.bind(self.server_address)
2026-03-01 22:56:02: OSError: [Errno 98] Address already in use
2026-03-01 22:56:04: Traceback (most recent call last):
2026-03-01 22:56:04:   File "/home/ubuntu/.openclaw/workspace/silhouette-brain/src/api/enhanced_memory_api.py", line 340, in <module>
2026-03-01 22:56:04:     run_api()
2026-03-01 22:56:04:   File "/home/ubuntu/.openclaw/workspace/silhouette-brain/src/api/enhanced_memory_api.py", line 327, in run_api
2026-03-01 22:56:04:     server = ReuseAddressServer(('0.0.0.0', port), MemoryAPIHandler)
2026-03-01 22:56:04:              ^^^^^^^^^^^^^^^^^^^^^^^^^^^^^^^^^^^^^^^^^^^^^^^^^^^^^^^
2026-03-01 22:56:04:   File "/usr/lib/python3.12/socketserver.py", line 457, in __init__
2026-03-01 22:56:04:     self.server_bind()
2026-03-01 22:56:04:   File "/usr/lib/python3.12/http/server.py", line 136, in server_bind
2026-03-01 22:56:04:     socketserver.TCPServer.server_bind(self)
2026-03-01 22:56:04:   File "/usr/lib/python3.12/socketserver.py", line 473, in server_bind
2026-03-01 22:56:04:     self.socket.bind(self.server_address)
2026-03-01 22:56:04: OSError: [Errno 98] Address already in use
2026-03-01 22:56:07: Traceback (most recent call last):
2026-03-01 22:56:07:   File "/home/ubuntu/.openclaw/workspace/silhouette-brain/src/api/enhanced_memory_api.py", line 340, in <module>
2026-03-01 22:56:07:     run_api()
2026-03-01 22:56:07:   File "/home/ubuntu/.openclaw/workspace/silhouette-brain/src/api/enhanced_memory_api.py", line 327, in run_api
2026-03-01 22:56:07:     server = ReuseAddressServer(('0.0.0.0', port), MemoryAPIHandler)
2026-03-01 22:56:07:              ^^^^^^^^^^^^^^^^^^^^^^^^^^^^^^^^^^^^^^^^^^^^^^^^^^^^^^^
2026-03-01 22:56:07:   File "/usr/lib/python3.12/socketserver.py", line 457, in __init__
2026-03-01 22:56:07:     self.server_bind()
2026-03-01 22:56:07:   File "/usr/lib/python3.12/http/server.py", line 136, in server_bind
2026-03-01 22:56:07:     socketserver.TCPServer.server_bind(self)
2026-03-01 22:56:07:   File "/usr/lib/python3.12/socketserver.py", line 473, in server_bind
2026-03-01 22:56:07:     self.socket.bind(self.server_address)
2026-03-01 22:56:07: OSError: [Errno 98] Address already in use
2026-03-01 22:56:09: Traceback (most recent call last):
2026-03-01 22:56:09:   File "/home/ubuntu/.openclaw/workspace/silhouette-brain/src/api/enhanced_memory_api.py", line 340, in <module>
2026-03-01 22:56:09:     run_api()
2026-03-01 22:56:09:   File "/home/ubuntu/.openclaw/workspace/silhouette-brain/src/api/enhanced_memory_api.py", line 327, in run_api
2026-03-01 22:56:09:     server = ReuseAddressServer(('0.0.0.0', port), MemoryAPIHandler)
2026-03-01 22:56:09:              ^^^^^^^^^^^^^^^^^^^^^^^^^^^^^^^^^^^^^^^^^^^^^^^^^^^^^^^
2026-03-01 22:56:09:   File "/usr/lib/python3.12/socketserver.py", line 457, in __init__
2026-03-01 22:56:09:     self.server_bind()
2026-03-01 22:56:09:   File "/usr/lib/python3.12/http/server.py", line 136, in server_bind
2026-03-01 22:56:09:     socketserver.TCPServer.server_bind(self)
2026-03-01 22:56:09:   File "/usr/lib/python3.12/socketserver.py", line 473, in server_bind
2026-03-01 22:56:09:     self.socket.bind(self.server_address)
2026-03-01 22:56:09: OSError: [Errno 98] Address already in use
2026-03-01 22:56:11: Traceback (most recent call last):
2026-03-01 22:56:11:   File "/home/ubuntu/.openclaw/workspace/silhouette-brain/src/api/enhanced_memory_api.py", line 340, in <module>
2026-03-01 22:56:11:     run_api()
2026-03-01 22:56:11:   File "/home/ubuntu/.openclaw/workspace/silhouette-brain/src/api/enhanced_memory_api.py", line 327, in run_api
2026-03-01 22:56:11:     server = ReuseAddressServer(('0.0.0.0', port), MemoryAPIHandler)
2026-03-01 22:56:11:              ^^^^^^^^^^^^^^^^^^^^^^^^^^^^^^^^^^^^^^^^^^^^^^^^^^^^^^^
2026-03-01 22:56:11:   File "/usr/lib/python3.12/socketserver.py", line 457, in __init__
2026-03-01 22:56:11:     self.server_bind()
2026-03-01 22:56:11:   File "/usr/lib/python3.12/http/server.py", line 136, in server_bind
2026-03-01 22:56:11:     socketserver.TCPServer.server_bind(self)
2026-03-01 22:56:11:   File "/usr/lib/python3.12/socketserver.py", line 473, in server_bind
2026-03-01 22:56:11:     self.socket.bind(self.server_address)
2026-03-01 22:56:11: OSError: [Errno 98] Address already in use
2026-03-01 22:56:13: Traceback (most recent call last):
2026-03-01 22:56:13:   File "/home/ubuntu/.openclaw/workspace/silhouette-brain/src/api/enhanced_memory_api.py", line 340, in <module>
2026-03-01 22:56:13:     run_api()
2026-03-01 22:56:13:   File "/home/ubuntu/.openclaw/workspace/silhouette-brain/src/api/enhanced_memory_api.py", line 327, in run_api
2026-03-01 22:56:13:     server = ReuseAddressServer(('0.0.0.0', port), MemoryAPIHandler)
2026-03-01 22:56:13:              ^^^^^^^^^^^^^^^^^^^^^^^^^^^^^^^^^^^^^^^^^^^^^^^^^^^^^^^
2026-03-01 22:56:13:   File "/usr/lib/python3.12/socketserver.py", line 457, in __init__
2026-03-01 22:56:13:     self.server_bind()
2026-03-01 22:56:13:   File "/usr/lib/python3.12/http/server.py", line 136, in server_bind
2026-03-01 22:56:13:     socketserver.TCPServer.server_bind(self)
2026-03-01 22:56:13:   File "/usr/lib/python3.12/socketserver.py", line 473, in server_bind
2026-03-01 22:56:13:     self.socket.bind(self.server_address)
2026-03-01 22:56:13: OSError: [Errno 98] Address already in use
2026-03-01 22:56:16: Traceback (most recent call last):
2026-03-01 22:56:16:   File "/home/ubuntu/.openclaw/workspace/silhouette-brain/src/api/enhanced_memory_api.py", line 340, in <module>
2026-03-01 22:56:16:     run_api()
2026-03-01 22:56:16:   File "/home/ubuntu/.openclaw/workspace/silhouette-brain/src/api/enhanced_memory_api.py", line 327, in run_api
2026-03-01 22:56:16:     server = ReuseAddressServer(('0.0.0.0', port), MemoryAPIHandler)
2026-03-01 22:56:16:              ^^^^^^^^^^^^^^^^^^^^^^^^^^^^^^^^^^^^^^^^^^^^^^^^^^^^^^^
2026-03-01 22:56:16:   File "/usr/lib/python3.12/socketserver.py", line 457, in __init__
2026-03-01 22:56:16:     self.server_bind()
2026-03-01 22:56:16:   File "/usr/lib/python3.12/http/server.py", line 136, in server_bind
2026-03-01 22:56:16:     socketserver.TCPServer.server_bind(self)
2026-03-01 22:56:16:   File "/usr/lib/python3.12/socketserver.py", line 473, in server_bind
2026-03-01 22:56:16:     self.socket.bind(self.server_address)
2026-03-01 22:56:16: OSError: [Errno 98] Address already in use
2026-03-01 22:56:18: Traceback (most recent call last):
2026-03-01 22:56:18:   File "/home/ubuntu/.openclaw/workspace/silhouette-brain/src/api/enhanced_memory_api.py", line 340, in <module>
2026-03-01 22:56:18:     run_api()
2026-03-01 22:56:18:   File "/home/ubuntu/.openclaw/workspace/silhouette-brain/src/api/enhanced_memory_api.py", line 327, in run_api
2026-03-01 22:56:18:     server = ReuseAddressServer(('0.0.0.0', port), MemoryAPIHandler)
2026-03-01 22:56:18:              ^^^^^^^^^^^^^^^^^^^^^^^^^^^^^^^^^^^^^^^^^^^^^^^^^^^^^^^
2026-03-01 22:56:18:   File "/usr/lib/python3.12/socketserver.py", line 457, in __init__
2026-03-01 22:56:18:     self.server_bind()
2026-03-01 22:56:18:   File "/usr/lib/python3.12/http/server.py", line 136, in server_bind
2026-03-01 22:56:18:     socketserver.TCPServer.server_bind(self)
2026-03-01 22:56:18:   File "/usr/lib/python3.12/socketserver.py", line 473, in server_bind
2026-03-01 22:56:18:     self.socket.bind(self.server_address)
2026-03-01 22:56:18: OSError: [Errno 98] Address already in use
2026-03-01 22:56:20: Traceback (most recent call last):
2026-03-01 22:56:20:   File "/home/ubuntu/.openclaw/workspace/silhouette-brain/src/api/enhanced_memory_api.py", line 340, in <module>
2026-03-01 22:56:20:     run_api()
2026-03-01 22:56:20:   File "/home/ubuntu/.openclaw/workspace/silhouette-brain/src/api/enhanced_memory_api.py", line 327, in run_api
2026-03-01 22:56:20:     server = ReuseAddressServer(('0.0.0.0', port), MemoryAPIHandler)
2026-03-01 22:56:20:              ^^^^^^^^^^^^^^^^^^^^^^^^^^^^^^^^^^^^^^^^^^^^^^^^^^^^^^^
2026-03-01 22:56:20:   File "/usr/lib/python3.12/socketserver.py", line 457, in __init__
2026-03-01 22:56:20:     self.server_bind()
2026-03-01 22:56:20:   File "/usr/lib/python3.12/http/server.py", line 136, in server_bind
2026-03-01 22:56:20:     socketserver.TCPServer.server_bind(self)
2026-03-01 22:56:20:   File "/usr/lib/python3.12/socketserver.py", line 473, in server_bind
2026-03-01 22:56:20:     self.socket.bind(self.server_address)
2026-03-01 22:56:20: OSError: [Errno 98] Address already in use
2026-03-01 22:56:23: Traceback (most recent call last):
2026-03-01 22:56:23:   File "/home/ubuntu/.openclaw/workspace/silhouette-brain/src/api/enhanced_memory_api.py", line 340, in <module>
2026-03-01 22:56:23:     run_api()
2026-03-01 22:56:23:   File "/home/ubuntu/.openclaw/workspace/silhouette-brain/src/api/enhanced_memory_api.py", line 327, in run_api
2026-03-01 22:56:23:     server = ReuseAddressServer(('0.0.0.0', port), MemoryAPIHandler)
2026-03-01 22:56:23:              ^^^^^^^^^^^^^^^^^^^^^^^^^^^^^^^^^^^^^^^^^^^^^^^^^^^^^^^
2026-03-01 22:56:23:   File "/usr/lib/python3.12/socketserver.py", line 457, in __init__
2026-03-01 22:56:23:     self.server_bind()
2026-03-01 22:56:23:   File "/usr/lib/python3.12/http/server.py", line 136, in server_bind
2026-03-01 22:56:23:     socketserver.TCPServer.server_bind(self)
2026-03-01 22:56:23:   File "/usr/lib/python3.12/socketserver.py", line 473, in server_bind
2026-03-01 22:56:23:     self.socket.bind(self.server_address)
2026-03-01 22:56:23: OSError: [Errno 98] Address already in use
2026-03-01 22:56:25: Traceback (most recent call last):
2026-03-01 22:56:25:   File "/home/ubuntu/.openclaw/workspace/silhouette-brain/src/api/enhanced_memory_api.py", line 340, in <module>
2026-03-01 22:56:25:     run_api()
2026-03-01 22:56:25:   File "/home/ubuntu/.openclaw/workspace/silhouette-brain/src/api/enhanced_memory_api.py", line 327, in run_api
2026-03-01 22:56:25:     server = ReuseAddressServer(('0.0.0.0', port), MemoryAPIHandler)
2026-03-01 22:56:25:              ^^^^^^^^^^^^^^^^^^^^^^^^^^^^^^^^^^^^^^^^^^^^^^^^^^^^^^^
2026-03-01 22:56:25:   File "/usr/lib/python3.12/socketserver.py", line 457, in __init__
2026-03-01 22:56:25:     self.server_bind()
2026-03-01 22:56:25:   File "/usr/lib/python3.12/http/server.py", line 136, in server_bind
2026-03-01 22:56:25:     socketserver.TCPServer.server_bind(self)
2026-03-01 22:56:25:   File "/usr/lib/python3.12/socketserver.py", line 473, in server_bind
2026-03-01 22:56:25:     self.socket.bind(self.server_address)
2026-03-01 22:56:25: OSError: [Errno 98] Address already in use
2026-03-01 22:56:27: Traceback (most recent call last):
2026-03-01 22:56:27:   File "/home/ubuntu/.openclaw/workspace/silhouette-brain/src/api/enhanced_memory_api.py", line 340, in <module>
2026-03-01 22:56:27:     run_api()
2026-03-01 22:56:27:   File "/home/ubuntu/.openclaw/workspace/silhouette-brain/src/api/enhanced_memory_api.py", line 327, in run_api
2026-03-01 22:56:27:     server = ReuseAddressServer(('0.0.0.0', port), MemoryAPIHandler)
2026-03-01 22:56:27:              ^^^^^^^^^^^^^^^^^^^^^^^^^^^^^^^^^^^^^^^^^^^^^^^^^^^^^^^
2026-03-01 22:56:27:   File "/usr/lib/python3.12/socketserver.py", line 457, in __init__
2026-03-01 22:56:27:     self.server_bind()
2026-03-01 22:56:27:   File "/usr/lib/python3.12/http/server.py", line 136, in server_bind
2026-03-01 22:56:27:     socketserver.TCPServer.server_bind(self)
2026-03-01 22:56:27:   File "/usr/lib/python3.12/socketserver.py", line 473, in server_bind
2026-03-01 22:56:27:     self.socket.bind(self.server_address)
2026-03-01 22:56:27: OSError: [Errno 98] Address already in use
2026-03-01 22:56:29: Traceback (most recent call last):
2026-03-01 22:56:29:   File "/home/ubuntu/.openclaw/workspace/silhouette-brain/src/api/enhanced_memory_api.py", line 340, in <module>
2026-03-01 22:56:29:     run_api()
2026-03-01 22:56:29:   File "/home/ubuntu/.openclaw/workspace/silhouette-brain/src/api/enhanced_memory_api.py", line 327, in run_api
2026-03-01 22:56:29:     server = ReuseAddressServer(('0.0.0.0', port), MemoryAPIHandler)
2026-03-01 22:56:29:              ^^^^^^^^^^^^^^^^^^^^^^^^^^^^^^^^^^^^^^^^^^^^^^^^^^^^^^^
2026-03-01 22:56:29:   File "/usr/lib/python3.12/socketserver.py", line 457, in __init__
2026-03-01 22:56:29:     self.server_bind()
2026-03-01 22:56:29:   File "/usr/lib/python3.12/http/server.py", line 136, in server_bind
2026-03-01 22:56:29:     socketserver.TCPServer.server_bind(self)
2026-03-01 22:56:29:   File "/usr/lib/python3.12/socketserver.py", line 473, in server_bind
2026-03-01 22:56:29:     self.socket.bind(self.server_address)
2026-03-01 22:56:29: OSError: [Errno 98] Address already in use
2026-03-01 22:56:32: Traceback (most recent call last):
2026-03-01 22:56:32:   File "/home/ubuntu/.openclaw/workspace/silhouette-brain/src/api/enhanced_memory_api.py", line 340, in <module>
2026-03-01 22:56:32:     run_api()
2026-03-01 22:56:32:   File "/home/ubuntu/.openclaw/workspace/silhouette-brain/src/api/enhanced_memory_api.py", line 327, in run_api
2026-03-01 22:56:32:     server = ReuseAddressServer(('0.0.0.0', port), MemoryAPIHandler)
2026-03-01 22:56:32:              ^^^^^^^^^^^^^^^^^^^^^^^^^^^^^^^^^^^^^^^^^^^^^^^^^^^^^^^
2026-03-01 22:56:32:   File "/usr/lib/python3.12/socketserver.py", line 457, in __init__
2026-03-01 22:56:32:     self.server_bind()
2026-03-01 22:56:32:   File "/usr/lib/python3.12/http/server.py", line 136, in server_bind
2026-03-01 22:56:32:     socketserver.TCPServer.server_bind(self)
2026-03-01 22:56:32:   File "/usr/lib/python3.12/socketserver.py", line 473, in server_bind
2026-03-01 22:56:32:     self.socket.bind(self.server_address)
2026-03-01 22:56:32: OSError: [Errno 98] Address already in use
2026-03-01 22:56:34: Traceback (most recent call last):
2026-03-01 22:56:34:   File "/home/ubuntu/.openclaw/workspace/silhouette-brain/src/api/enhanced_memory_api.py", line 340, in <module>
2026-03-01 22:56:34:     run_api()
2026-03-01 22:56:34:   File "/home/ubuntu/.openclaw/workspace/silhouette-brain/src/api/enhanced_memory_api.py", line 327, in run_api
2026-03-01 22:56:34:     server = ReuseAddressServer(('0.0.0.0', port), MemoryAPIHandler)
2026-03-01 22:56:34:              ^^^^^^^^^^^^^^^^^^^^^^^^^^^^^^^^^^^^^^^^^^^^^^^^^^^^^^^
2026-03-01 22:56:34:   File "/usr/lib/python3.12/socketserver.py", line 457, in __init__
2026-03-01 22:56:34:     self.server_bind()
2026-03-01 22:56:34:   File "/usr/lib/python3.12/http/server.py", line 136, in server_bind
2026-03-01 22:56:34:     socketserver.TCPServer.server_bind(self)
2026-03-01 22:56:34:   File "/usr/lib/python3.12/socketserver.py", line 473, in server_bind
2026-03-01 22:56:34:     self.socket.bind(self.server_address)
2026-03-01 22:56:34: OSError: [Errno 98] Address already in use
2026-03-01 22:56:36: Traceback (most recent call last):
2026-03-01 22:56:36:   File "/home/ubuntu/.openclaw/workspace/silhouette-brain/src/api/enhanced_memory_api.py", line 340, in <module>
2026-03-01 22:56:36:     run_api()
2026-03-01 22:56:36:   File "/home/ubuntu/.openclaw/workspace/silhouette-brain/src/api/enhanced_memory_api.py", line 327, in run_api
2026-03-01 22:56:36:     server = ReuseAddressServer(('0.0.0.0', port), MemoryAPIHandler)
2026-03-01 22:56:36:              ^^^^^^^^^^^^^^^^^^^^^^^^^^^^^^^^^^^^^^^^^^^^^^^^^^^^^^^
2026-03-01 22:56:36:   File "/usr/lib/python3.12/socketserver.py", line 457, in __init__
2026-03-01 22:56:36:     self.server_bind()
2026-03-01 22:56:36:   File "/usr/lib/python3.12/http/server.py", line 136, in server_bind
2026-03-01 22:56:36:     socketserver.TCPServer.server_bind(self)
2026-03-01 22:56:36:   File "/usr/lib/python3.12/socketserver.py", line 473, in server_bind
2026-03-01 22:56:36:     self.socket.bind(self.server_address)
2026-03-01 22:56:36: OSError: [Errno 98] Address already in use
2026-03-01 22:56:39: Traceback (most recent call last):
2026-03-01 22:56:39:   File "/home/ubuntu/.openclaw/workspace/silhouette-brain/src/api/enhanced_memory_api.py", line 340, in <module>
2026-03-01 22:56:39:     run_api()
2026-03-01 22:56:39:   File "/home/ubuntu/.openclaw/workspace/silhouette-brain/src/api/enhanced_memory_api.py", line 327, in run_api
2026-03-01 22:56:39:     server = ReuseAddressServer(('0.0.0.0', port), MemoryAPIHandler)
2026-03-01 22:56:39: ^^^^^^^^^^^^^^^^^^^^^^^^^^^^
2026-03-01 22:56:39:   File "/usr/lib/python3.12/socketserver.py", line 457, in __init__
2026-03-01 22:56:39: self.server_bind()
2026-03-01 22:56:39:   File "/usr/lib/python3.12/http/server.py", line 136, in server_bind
2026-03-01 22:56:39:     socketserver.TCPServer.server_bind(self)
2026-03-01 22:56:39:   File "/usr/lib/python3.12/socketserver.py", line 473, in server_bind
2026-03-01 22:56:39:     self.socket.bind(self.server_address)
2026-03-01 22:56:39: OSError: [Errno 98] Address already in use
2026-03-01 22:56:41: Traceback (most recent call last):
2026-03-01 22:56:41:   File "/home/ubuntu/.openclaw/workspace/silhouette-brain/src/api/enhanced_memory_api.py", line 340, in <module>
2026-03-01 22:56:41:     run_api()
2026-03-01 22:56:41:   File "/home/ubuntu/.openclaw/workspace/silhouette-brain/src/api/enhanced_memory_api.py", line 327, in run_api
2026-03-01 22:56:41:     server = ReuseAddressServer(('0.0.0.0', port), MemoryAPIHandler)
2026-03-01 22:56:41:              ^^^^^^^^^^^^^^^^^^^^^^^^^^^^^^^^^^^^^^^^^^^^^^^^^^^^^^^
2026-03-01 22:56:41:   File "/usr/lib/python3.12/socketserver.py", line 457, in __init__
2026-03-01 22:56:41:     self.server_bind()
2026-03-01 22:56:41:   File "/usr/lib/python3.12/http/server.py", line 136, in server_bind
2026-03-01 22:56:41:     socketserver.TCPServer.server_bind(self)
2026-03-01 22:56:41:   File "/usr/lib/python3.12/socketserver.py", line 473, in server_bind
2026-03-01 22:56:41:     self.socket.bind(self.server_address)
2026-03-01 22:56:41: OSError: [Errno 98] Address already in use
2026-03-01 22:56:43: Traceback (most recent call last):
2026-03-01 22:56:43:   File "/home/ubuntu/.openclaw/workspace/silhouette-brain/src/api/enhanced_memory_api.py", line 340, in <module>
2026-03-01 22:56:43:     run_api()
2026-03-01 22:56:43:   File "/home/ubuntu/.openclaw/workspace/silhouette-brain/src/api/enhanced_memory_api.py", line 327, in run_api
2026-03-01 22:56:43:     server = ReuseAddressServer(('0.0.0.0', port), MemoryAPIHandler)
2026-03-01 22:56:43:              ^^^^^^^^^^^^^^^^^^^^^^^^^^^^^^^^^^^^^^^^^^^^^^^^^^^^^^^
2026-03-01 22:56:43:   File "/usr/lib/python3.12/socketserver.py", line 457, in __init__
2026-03-01 22:56:43:     self.server_bind()
2026-03-01 22:56:43:   File "/usr/lib/python3.12/http/server.py", line 136, in server_bind
2026-03-01 22:56:43:     socketserver.TCPServer.server_bind(self)
2026-03-01 22:56:43:   File "/usr/lib/python3.12/socketserver.py", line 473, in server_bind
2026-03-01 22:56:43:     self.socket.bind(self.server_address)
2026-03-01 22:56:43: OSError: [Errno 98] Address already in use
2026-03-01 22:57:05: Traceback (most recent call last):
2026-03-01 22:57:05:   File "/home/ubuntu/.openclaw/workspace/silhouette-brain/src/api/enhanced_memory_api.py", line 340, in <module>
2026-03-01 22:57:05:     run_api()
2026-03-01 22:57:05:   File "/home/ubuntu/.openclaw/workspace/silhouette-brain/src/api/enhanced_memory_api.py", line 337, in run_api
2026-03-01 22:57:05:     server.serve_forever()
2026-03-01 22:57:05:   File "/usr/lib/python3.12/socketserver.py", line 235, in serve_forever
2026-03-01 22:57:05:     ready = selector.select(poll_interval)
2026-03-01 22:57:05:             ^^^^^^^^^^^^^^^^^^^^^^^^^^^^^^
2026-03-01 22:57:05:   File "/usr/lib/python3.12/selectors.py", line 415, in select
2026-03-01 22:57:05:     
2026-03-01 22:57:05: fd_event_list = self._selector.poll(timeout)
2026-03-01 22:57:05: 
2026-03-01 22:57:05:                     ^^^^^^^^^^^^^^^^^^^^^^^^^^^^
2026-03-01 22:57:05: KeyboardInterrupt
2026-03-01 23:03:58: Traceback (most recent call last):
2026-03-01 23:03:58:   File "/home/ubuntu/.openclaw/workspace/silhouette-brain/src/api/enhanced_memory_api.py", line 340, in <module>
2026-03-01 23:03:58:     run_api()
2026-03-01 23:03:58:   File "/home/ubuntu/.openclaw/workspace/silhouette-brain/src/api/enhanced_memory_api.py", line 337, in run_api
2026-03-01 23:03:58:     server.serve_forever()
2026-03-01 23:03:58:   File "/usr/lib/python3.12/socketserver.py", line 235, in serve_forever
2026-03-01 23:03:58:     ready = selector.select(poll_interval)
2026-03-01 23:03:58:             ^^^^^^^^^^^^^^^^^^^^^^^^^^^^^^
2026-03-01 23:03:58:   File "/usr/lib/python3.12/selectors.py", line 415, in select
2026-03-01 23:03:58:     fd_event_list = self._selector.poll(timeout)
2026-03-01 23:03:58:                     ^^^^^^^^^^^^^^^^^^^^^^^^^^^^
2026-03-01 23:03:58: KeyboardInterrupt
2026-03-01 23:05:28: Traceback (most recent call last):
2026-03-01 23:05:28:   File "/home/ubuntu/.openclaw/workspace/silhouette-brain/src/api/enhanced_memory_api.py", line 340, in <module>
2026-03-01 23:05:28:     run_api()
2026-03-01 23:05:28:   File "/home/ubuntu/.openclaw/workspace/silhouette-brain/src/api/enhanced_memory_api.py", line 337, in run_api
2026-03-01 23:05:28:     server.serve_forever()
2026-03-01 23:05:28:   File "/usr/lib/python3.12/socketserver.py", line 235, in serve_forever
2026-03-01 23:05:28:     ready = selector.select(poll_interval)
2026-03-01 23:05:28:             ^^^^^^^^^^^^^^^^^^^^^^^^^^^^^^
2026-03-01 23:05:28:   File "/usr/lib/python3.12/selectors.py", line 415, in select
2026-03-01 23:05:28:     fd_event_list = self._selector.poll(timeout)
2026-03-01 23:05:28:                     ^^^^^^^^^^^^^^^^^^^^^^^^^^^^
2026-03-01 23:05:28: KeyboardInterrupt
2026-03-02 00:00:00: [0;93m2026-03-02 00:00:00.004164184 [W:onnxruntime:Default, device_discovery.cc:211 DiscoverDevicesForPlatform] GPU device discovery failed: device_discovery.cc:91 ReadFileContents Failed to open file: "/sys/class/drm/card0/device/vendor"[m
2026-03-02 00:00:00: /home/ubuntu/.openclaw/workspace/silhouette-brain/src/core/local_embeddings.py:47: UserWarning: The model sentence-transformers/paraphrase-multilingual-MiniLM-L12-v2 now uses mean pooling instead of CLS embedding. In order to preserve the previous behaviour, consider either pinning fastembed version to 0.5.1 or using `add_custom_model` functionality.
2026-03-02 00:00:00:   _fastembed_model = TextEmbedding(FASTEMBED_MODEL)
2026-03-02 00:00:06: Traceback (most recent call last):
2026-03-02 00:00:06:   File "/home/ubuntu/.openclaw/workspace/silhouette-brain/src/api/enhanced_memory_api.py", line 340, in <module>
2026-03-02 00:00:06:     run_api()
2026-03-02 00:00:06:   File "/home/ubuntu/.openclaw/workspace/silhouette-brain/src/api/enhanced_memory_api.py", line 337, in run_api
2026-03-02 00:00:06:     server.serve_forever()
2026-03-02 00:00:06:   File "/usr/lib/python3.12/socketserver.py", line 240, in serve_forever
2026-03-02 00:00:06:     self._handle_request_noblock()
2026-03-02 00:00:06:   File "/usr/lib/python3.12/socketserver.py", line 318, in _handle_request_noblock
2026-03-02 00:00:06:     self.process_request(request, client_address)
2026-03-02 00:00:06:   File "/usr/lib/python3.12/socketserver.py", line 349, in process_request
2026-03-02 00:00:06:     self.finish_request(request, client_address)
2026-03-02 00:00:06:   File "/usr/lib/python3.12/socketserver.py", line 362, in finish_request
2026-03-02 00:00:06:     self.RequestHandlerClass(request, client_address, self)
2026-03-02 00:00:06:   File "/usr/lib/python3.12/socketserver.py", line 761, in __init__
2026-03-02 00:00:06:     self.handle()
2026-03-02 00:00:06:   File "/usr/lib/python3.12/http/server.py", line 436, in handle
2026-03-02 00:00:06:     self.handle_one_request()
2026-03-02 00:00:06:   File "/usr/lib/python3.12/http/server.py", line 424, in handle_one_request
2026-03-02 00:00:06:     method()
2026-03-02 00:00:06:   File "/home/ubuntu/.openclaw/workspace/silhouette-brain/src/api/enhanced_memory_api.py", line 224, in do_GET
2026-03-02 00:00:06:     ctx = get_reasoning_context(
2026-03-02 00:00:06:           ^^^^^^^^^^^^^^^^^^^^^^
2026-03-02 00:00:06:   File "/home/ubuntu/.openclaw/workspace/silhouette-brain/src/core/reasoning_engine.py", line 303, in get_reasoning_context
2026-03-02 00:00:06:     result["synthesis"] = _layer_synthesis(
2026-03-02 00:00:06:                           ^^^^^^^^^^^^^^^^^
2026-03-02 00:00:06:   File "/home/ubuntu/.openclaw/workspace/silhouette-brain/src/core/reasoning_engine.py", line 237, in _layer_synthesis
2026-03-02 00:00:06:     return synthesize_context(query, fragments)
2026-03-02 00:00:06:            ^^^^^^^^^^^^^^^^^^^^^^^^^^^^^^^^^^^^
2026-03-02 00:00:06:   File "/home/ubuntu/.openclaw/workspace/silhouette-brain/src/core/local_embeddings.py", line 229, in synthesize_context
2026-03-02 00:00:06:     return _call_anthropic(user_message, is_minimax=True)
2026-03-02 00:00:06: ^
2026-03-02 00:00:06: ^
2026-03-02 00:00:06: ^
2026-03-02 00:00:06: ^
2026-03-02 00:00:06: ^
2026-03-02 00:00:06: ^
2026-03-02 00:00:06: ^
2026-03-02 00:00:06: ^
2026-03-02 00:00:06: ^
2026-03-02 00:00:06: ^
2026-03-02 00:00:06: ^^^^^^^^^^^^^^^^^^^^^^^^
2026-03-02 00:00:06:   File "/home/ubuntu/.openclaw/workspace/silhouette-brain/src/core/local_embeddings.py", line 254, in _call_anthropic
2026-03-02 00:00:06:     resp = requests.post(url, headers=headers, json=payload, timeout=REQUEST_TIMEOUT)
2026-03-02 00:00:06:            ^^^^^^^^^^^^^^^^^^^^^^^^^^^^^^^^^^^^^^^^^^^^^^^^^^^^^^^^^^^^^^^^^^^^^^^^^^
2026-03-02 00:00:06:   File "/usr/lib/python3/dist-packages/requests/api.py", line 115, in post
2026-03-02 00:00:06:     return request("post", url, data=data, json=json, **kwargs)
2026-03-02 00:00:06:            ^^^^^^^^^^^^^^^^^^^^^^^^^^^^^^^^^^^^^^^^^^^^^^^^^^^^
2026-03-02 00:00:06:   File "/usr/lib/python3/dist-packages/requests/api.py", line 59, in request
2026-03-02 00:00:06:     return session.request(method=method, url=url, **kwargs)
2026-03-02 00:00:06:            ^^^^^^^^^^^^^^^^^^^^^^^^^^^^^^^^^^^^^^^^^^^^^^^^^
2026-03-02 00:00:06:   File "/usr/lib/python3/dist-packages/requests/sessions.py", line 589, in request
2026-03-02 00:00:06:     
2026-03-02 00:00:06: resp = self.send(prep, **send_kwargs)
2026-03-02 00:00:06:            ^^^^^^^^^^^^^^^^^^^^^^^^^^^^^^
2026-03-02 00:00:06:   File "/usr/lib/python3/dist-packages/requests/sessions.py", line 703, in send
2026-03-02 00:00:06:     r = adapter.send(request, **kwargs)
2026-03-02 00:00:06:         ^^^^^^^^^^^^^^^^^^^^^^^^^^^^^^^
2026-03-02 00:00:06:   File "/usr/lib/python3/dist-packages/requests/adapters.py", line 486, in send
2026-03-02 00:00:06:     
2026-03-02 00:00:06: resp = conn.urlopen(
2026-03-02 00:00:06: 
2026-03-02 00:00:06:            ^^^^^^^^^^^^^
2026-03-02 00:00:06:   File "/usr/lib/python3/dist-packages/urllib3/connectionpool.py", line 791, in urlopen
2026-03-02 00:00:06:     
2026-03-02 00:00:06: response = self._make_request(
2026-03-02 00:00:06:                ^^^^^^^^^^^^^^^^^^^
2026-03-02 00:00:06:   File "/usr/lib/python3/dist-packages/urllib3/connectionpool.py", line 537, in _make_request
2026-03-02 00:00:06:     response = conn.getresponse()
2026-03-02 00:00:06:                ^^^^^^^^^^^^^^^^^^
2026-03-02 00:00:06:   File "/usr/lib/python3/dist-packages/urllib3/connection.py", line 461, in getresponse
2026-03-02 00:00:06:     httplib_response = super().getresponse()
2026-03-02 00:00:06:                        ^^^^^^^^^^^^^^^^^^^^^
2026-03-02 00:00:06:   File "/usr/lib/python3.12/http/client.py", line 1448, in getresponse
2026-03-02 00:00:06:     response.begin()
2026-03-02 00:00:06:   File "/usr/lib/python3.12/http/client.py", line 336, in begin
2026-03-02 00:00:06:     version, status, reason = self._read_status()
2026-03-02 00:00:06:  
2026-03-02 00:00:06:         ^^^^^^^^^^^^^^^^^^^
2026-03-02 00:00:06:   File "/usr/lib/python3.12/http/client.py", line 297, in _read_status
2026-03-02 00:00:06:     line = str(self.fp.readline(_MAXLINE + 1), "iso-8859-1")
2026-03-02 00:00:06:                ^^^^^^^^^^^^^^^^^^^^^^^^^^^^^^
2026-03-02 00:00:06:   File "/usr/lib/python3.12/socket.py", line 707, in readinto
2026-03-02 00:00:06:     
2026-03-02 00:00:06: return self._sock.recv_into(b)
2026-03-02 00:00:06:            ^^^^^^^^^^^^^^^^^^^^^^^
2026-03-02 00:00:06:   File "/usr/lib/python3.12/ssl.py", line 1252, in recv_into
2026-03-02 00:00:06:     return self.read(nbytes, buffer)
2026-03-02 00:00:06:            ^^^^^^^^^^^^^^^^^^^^^^^^^
2026-03-02 00:00:06:   File "/usr/lib/python3.12/ssl.py", line 1104, in read
2026-03-02 00:00:06:     return self._sslobj.read(len, buffer)
2026-03-02 00:00:06:            ^^^^^^^^^^^^^^^^^^^^^^^^^^^^^^
2026-03-02 00:00:06: KeyboardInterrupt
2026-03-02 00:03:31: Traceback (most recent call last):
2026-03-02 00:03:31:   File "/home/ubuntu/.openclaw/workspace/silhouette-brain/src/api/enhanced_memory_api.py", line 340, in <module>
2026-03-02 00:03:31:     run_api()
2026-03-02 00:03:31:   File "/home/ubuntu/.openclaw/workspace/silhouette-brain/src/api/enhanced_memory_api.py", line 337, in run_api
2026-03-02 00:03:31:     server.serve_forever()
2026-03-02 00:03:31:   File "/usr/lib/python3.12/socketserver.py", line 235, in serve_forever
2026-03-02 00:03:31:     ready = selector.select(poll_interval)
2026-03-02 00:03:31:             ^^^^^^^^^^^^^^^^^^^^^^^^^^^^^^
2026-03-02 00:03:31:   File "/usr/lib/python3.12/selectors.py", line 415, in select
2026-03-02 00:03:31:     fd_event_list = self._selector.poll(timeout)
2026-03-02 00:03:31: ^^^^^^^^^^^^^^^^^^^^^
2026-03-02 00:03:31: KeyboardInterrupt
2026-03-02 00:07:31: Traceback (most recent call last):
2026-03-02 00:07:31:   File "/home/ubuntu/.openclaw/workspace/silhouette-brain/src/api/enhanced_memory_api.py", line 340, in <module>
2026-03-02 00:07:31:     run_api()
2026-03-02 00:07:31:   File "/home/ubuntu/.openclaw/workspace/silhouette-brain/src/api/enhanced_memory_api.py", line 337, in run_api
2026-03-02 00:07:31:     server.serve_forever()
2026-03-02 00:07:31:   File "/usr/lib/python3.12/socketserver.py", line 235, in serve_forever
2026-03-02 00:07:31:     ready = selector.select(poll_interval)
2026-03-02 00:07:31:             ^^^^^^^^^^^^^^^^^^^^^^^^^^^^^^
2026-03-02 00:07:31:   File "/usr/lib/python3.12/selectors.py", line 415, in select
2026-03-02 00:07:31:     fd_event_list = self._selector.poll(timeout)
2026-03-02 00:07:31:                     ^^^^^^^^^^^^^^^^^^^^^^^^^^^^
2026-03-02 00:07:31: KeyboardInterrupt
